0.000000000000000000e+00 1.055104729372815742e+00
1.000000000000000000e+00 9.382694093702452776e-01
2.000000000000000000e+00 6.021975111905248923e-01
3.000000000000000000e+00 2.324095714249483635e-01
4.000000000000000000e+00 2.665066564349739126e-02
5.000000000000000000e+00 1.873316208940004057e-02
6.000000000000000000e+00 4.100115931178174161e-02
7.000000000000000000e+00 3.025918888006685556e-02
8.000000000000000000e+00 3.684016200802571472e-02
9.000000000000000000e+00 3.438253305656728542e-02
1.000000000000000000e+01 3.262010219556629731e-02
1.100000000000000000e+01 3.080130055768637992e-02
1.200000000000000000e+01 2.837174030109121045e-02
1.300000000000000000e+01 2.627657715647005801e-02
1.400000000000000000e+01 2.366805563140637891e-02
1.500000000000000000e+01 2.158008081107947937e-02
1.600000000000000000e+01 1.980710085078952673e-02
1.700000000000000000e+01 1.861399460937914613e-02
1.800000000000000000e+01 1.795525159212825461e-02
1.900000000000000000e+01 1.704382808453407117e-02
2.000000000000000000e+01 1.634141055149539862e-02
2.100000000000000000e+01 1.516239155860452624e-02
2.200000000000000000e+01 1.370507238969306471e-02
2.300000000000000000e+01 1.244039253229572636e-02
2.400000000000000000e+01 1.156493865263107448e-02
2.500000000000000000e+01 1.125503785617407854e-02
2.600000000000000000e+01 1.084202039212464608e-02
2.700000000000000000e+01 1.049326374661996991e-02
2.800000000000000000e+01 1.025930401772871120e-02
2.900000000000000000e+01 1.010560457463713369e-02
3.000000000000000000e+01 9.906775835841078251e-03
3.100000000000000000e+01 9.198489393876451217e-03
3.200000000000000000e+01 8.178875381996420987e-03
3.300000000000000000e+01 7.421026844345862163e-03
3.400000000000000000e+01 7.255214608044170850e-03
3.500000000000000000e+01 7.507503007971415634e-03
3.600000000000000000e+01 7.805966278045939691e-03
3.700000000000000000e+01 8.094641290948360532e-03
3.800000000000000000e+01 7.986639052298794006e-03
3.900000000000000000e+01 7.297238298707237926e-03
4.000000000000000000e+01 6.526100696598413457e-03
4.100000000000000000e+01 6.184848226000915633e-03
4.200000000000000000e+01 6.271954534937979053e-03
4.300000000000000000e+01 6.448421672704392378e-03
4.400000000000000000e+01 6.641596218754711872e-03
4.500000000000000000e+01 6.827327270557479420e-03
4.600000000000000000e+01 6.942872581972958645e-03
4.700000000000000000e+01 6.898088699254048030e-03
4.800000000000000000e+01 6.640866494924840303e-03
4.900000000000000000e+01 6.192587343974854074e-03
5.000000000000000000e+01 5.847446643418194659e-03
5.100000000000000000e+01 5.814781777566796310e-03
5.200000000000000000e+01 5.991630114348813797e-03
5.300000000000000000e+01 6.063563146550483667e-03
5.400000000000000000e+01 6.041318239097046364e-03
5.500000000000000000e+01 6.058478418456629544e-03
5.600000000000000000e+01 6.213072512299113760e-03
5.700000000000000000e+01 6.287988232308592065e-03
5.800000000000000000e+01 5.928819407977702072e-03
5.900000000000000000e+01 5.402719644927897816e-03
6.000000000000000000e+01 5.450302617561387196e-03
6.100000000000000000e+01 6.466201105975038187e-03
6.200000000000000000e+01 7.672941824829250003e-03
6.300000000000000000e+01 8.235073452382562706e-03
6.400000000000000000e+01 8.255904033692390565e-03
6.500000000000000000e+01 8.351524305949396820e-03
6.600000000000000000e+01 8.651671075349975926e-03
6.700000000000000000e+01 9.342050499067307626e-03
6.800000000000000000e+01 1.063789376496886846e-02
6.900000000000000000e+01 1.238266655401846876e-02
7.000000000000000000e+01 1.440100798355211861e-02
7.100000000000000000e+01 1.644774173813370530e-02
7.200000000000000000e+01 1.906986195461117875e-02
7.300000000000000000e+01 2.228394534446309985e-02
7.400000000000000000e+01 2.652171146221874581e-02
7.500000000000000000e+01 3.266959583102085896e-02
7.600000000000000000e+01 4.043096338015546298e-02
7.700000000000000000e+01 5.116408065922223997e-02
7.800000000000000000e+01 6.469303599187750664e-02
7.900000000000000000e+01 8.134964367227526250e-02
8.000000000000000000e+01 1.035214853878637653e-01
8.100000000000000000e+01 1.290833221696478794e-01
8.200000000000000000e+01 1.627256134153424738e-01
8.300000000000000000e+01 2.022119189574004827e-01
8.400000000000000000e+01 2.455654496149033972e-01
8.500000000000000000e+01 2.992572531670247282e-01
8.600000000000000000e+01 3.509008510695899585e-01
8.700000000000000000e+01 4.110083118500459376e-01
8.800000000000000000e+01 4.717641221398988227e-01
8.900000000000000000e+01 5.244070838290865177e-01
9.000000000000000000e+01 5.802292453084125778e-01
9.100000000000000000e+01 6.180057565719099255e-01
9.200000000000000000e+01 6.554452567873263469e-01
9.300000000000000000e+01 6.796045612562701121e-01
9.400000000000000000e+01 6.944515627525928991e-01
9.500000000000000000e+01 7.060656854137230543e-01
9.600000000000000000e+01 7.053771933141116390e-01
9.700000000000000000e+01 7.017607815917906722e-01
9.800000000000000000e+01 6.915907030383429133e-01
9.900000000000000000e+01 6.791410543715825643e-01
1.000000000000000000e+02 6.684530119312179774e-01
1.010000000000000000e+02 6.566100142692905539e-01
1.020000000000000000e+02 6.407645825349548296e-01
1.030000000000000000e+02 6.238539718370167408e-01
1.040000000000000000e+02 6.035205051618236505e-01
1.050000000000000000e+02 5.824294637899055660e-01
1.060000000000000000e+02 5.623261168469892990e-01
1.070000000000000000e+02 5.409892410078652736e-01
1.080000000000000000e+02 5.242026366835748075e-01
1.090000000000000000e+02 5.035217343341596985e-01
1.100000000000000000e+02 4.836173888365323803e-01
1.110000000000000000e+02 4.640217367458269182e-01
1.120000000000000000e+02 4.436355245741890330e-01
1.130000000000000000e+02 4.263742107818951910e-01
1.140000000000000000e+02 4.067850935314572536e-01
1.150000000000000000e+02 3.911943649761190356e-01
1.160000000000000000e+02 3.749016078663295337e-01
1.170000000000000000e+02 3.600292449661114391e-01
1.180000000000000000e+02 3.477496577377410247e-01
1.190000000000000000e+02 3.319650622544669805e-01
1.200000000000000000e+02 3.199509140141049701e-01
1.210000000000000000e+02 3.068760989617539403e-01
1.220000000000000000e+02 2.961519593084832036e-01
1.230000000000000000e+02 2.863546778331527709e-01
1.240000000000000000e+02 2.748230186325411051e-01
1.250000000000000000e+02 2.655626831991901859e-01
1.260000000000000000e+02 2.542206899577709178e-01
1.270000000000000000e+02 2.446944487621067477e-01
1.280000000000000000e+02 2.353256660986023374e-01
1.290000000000000000e+02 2.262047405909580478e-01
1.300000000000000000e+02 2.190232623198465067e-01
1.310000000000000000e+02 2.098914454117563888e-01
1.320000000000000000e+02 2.026226803456432635e-01
1.330000000000000000e+02 1.943204769686556477e-01
1.340000000000000000e+02 1.866719132098528522e-01
1.350000000000000000e+02 1.799246906336601226e-01
1.360000000000000000e+02 1.730808457763693686e-01
1.370000000000000000e+02 1.679998518769539317e-01
1.380000000000000000e+02 1.620968684267481141e-01
1.390000000000000000e+02 1.567941567325425167e-01
1.400000000000000000e+02 1.513778166133999403e-01
1.410000000000000000e+02 1.451356127167369447e-01
1.420000000000000000e+02 1.402932960785201466e-01
1.430000000000000000e+02 1.357589415674810285e-01
1.440000000000000000e+02 1.329634613741929039e-01
1.450000000000000000e+02 1.292247547840087440e-01
1.460000000000000000e+02 1.244827168256111005e-01
1.470000000000000000e+02 1.200238086013745986e-01
1.480000000000000000e+02 1.150267718402530198e-01
1.490000000000000000e+02 1.113155582566228707e-01
1.500000000000000000e+02 1.079282549222517484e-01
1.510000000000000000e+02 1.056367509458792375e-01
1.520000000000000000e+02 1.031105684081860402e-01
1.530000000000000000e+02 9.929114098155478185e-02
1.540000000000000000e+02 9.588776505195431565e-02
1.550000000000000000e+02 9.277263781472451509e-02
1.560000000000000000e+02 9.078173649065696127e-02
1.570000000000000000e+02 8.884084225377927857e-02
1.580000000000000000e+02 8.714257730054772444e-02
1.590000000000000000e+02 8.542803748322140567e-02
1.600000000000000000e+02 8.268342013001531154e-02
1.610000000000000000e+02 8.020744694837740607e-02
1.620000000000000000e+02 7.788659842737513661e-02
1.630000000000000000e+02 7.632346463538937364e-02
1.640000000000000000e+02 7.464925411799962218e-02
1.650000000000000000e+02 7.222739563743399427e-02
1.660000000000000000e+02 7.029428097230332184e-02
1.670000000000000000e+02 6.896621472022559929e-02
1.680000000000000000e+02 6.855203032041409794e-02
1.690000000000000000e+02 6.774376393418544973e-02
1.700000000000000000e+02 6.641421956347579036e-02
1.710000000000000000e+02 6.496586557304558085e-02
1.720000000000000000e+02 6.328359541932591925e-02
1.730000000000000000e+02 6.192020991151670622e-02
1.740000000000000000e+02 6.085331944213002303e-02
1.750000000000000000e+02 6.041934381179411145e-02
1.760000000000000000e+02 6.005599113377767251e-02
1.770000000000000000e+02 5.950284802342086649e-02
1.780000000000000000e+02 5.896174769012845623e-02
1.790000000000000000e+02 5.822961219301615865e-02
1.800000000000000000e+02 5.752118883058877918e-02
1.810000000000000000e+02 5.668760771789529973e-02
1.820000000000000000e+02 5.587476694347939116e-02
1.830000000000000000e+02 5.525221449399565082e-02
1.840000000000000000e+02 5.477137472345567498e-02
1.850000000000000000e+02 5.465981566460336588e-02
1.860000000000000000e+02 5.470727105226020487e-02
1.870000000000000000e+02 5.498045849372865806e-02
1.880000000000000000e+02 5.521913575492731069e-02
1.890000000000000000e+02 5.526624884142727900e-02
1.900000000000000000e+02 5.530799402342179844e-02
1.910000000000000000e+02 5.526282582985859310e-02
1.920000000000000000e+02 5.553439512040365261e-02
1.930000000000000000e+02 5.670410040999898649e-02
1.940000000000000000e+02 5.872479749385763753e-02
1.950000000000000000e+02 6.088661600920727834e-02
1.960000000000000000e+02 6.275391549735813423e-02
1.970000000000000000e+02 6.440246898712620460e-02
1.980000000000000000e+02 6.646113038111031712e-02
1.990000000000000000e+02 6.862931258614902996e-02
2.000000000000000000e+02 7.179273540478434135e-02
2.010000000000000000e+02 7.584737040361508309e-02
2.020000000000000000e+02 8.009139129705532267e-02
2.030000000000000000e+02 8.431652339029380161e-02
2.040000000000000000e+02 8.831337173018764808e-02
2.050000000000000000e+02 9.419275195971302250e-02
2.060000000000000000e+02 1.009038773229995745e-01
2.070000000000000000e+02 1.085435412517237602e-01
2.080000000000000000e+02 1.162845730003116418e-01
2.090000000000000000e+02 1.230191148745567314e-01
2.100000000000000000e+02 1.307264921957670134e-01
2.110000000000000000e+02 1.363444321371619361e-01
2.120000000000000000e+02 1.416926698852311040e-01
2.130000000000000000e+02 1.454180734077278048e-01
2.140000000000000000e+02 1.468870588224311102e-01
2.150000000000000000e+02 1.471881593673279032e-01
2.160000000000000000e+02 1.448177082968666041e-01
2.170000000000000000e+02 1.414182843897135999e-01
2.180000000000000000e+02 1.366580266742844219e-01
2.190000000000000000e+02 1.309739448138962925e-01
2.200000000000000000e+02 1.251065295657178555e-01
2.210000000000000000e+02 1.186902499716434717e-01
2.220000000000000000e+02 1.100322245420905093e-01
2.230000000000000000e+02 1.022676051319656582e-01
2.240000000000000000e+02 9.500120505566361784e-02
2.250000000000000000e+02 9.025837358094776497e-02
2.260000000000000000e+02 8.501531564289836751e-02
2.270000000000000000e+02 7.807928286040539956e-02
2.280000000000000000e+02 7.212637011872716220e-02
2.290000000000000000e+02 6.637043613368354134e-02
2.300000000000000000e+02 6.281991738405988401e-02
2.310000000000000000e+02 5.862759952445033285e-02
2.320000000000000000e+02 5.461548766478883932e-02
2.330000000000000000e+02 5.126218105895219423e-02
2.340000000000000000e+02 4.813407749604836638e-02
2.350000000000000000e+02 4.620757546690267004e-02
2.360000000000000000e+02 4.378755296526934404e-02
2.370000000000000000e+02 4.189775495562610141e-02
2.380000000000000000e+02 3.995471355694623500e-02
2.390000000000000000e+02 3.812912813250290966e-02
2.400000000000000000e+02 3.673983665077611843e-02
2.410000000000000000e+02 3.533419250923707650e-02
2.420000000000000000e+02 3.460415749649647238e-02
2.430000000000000000e+02 3.394426310262702723e-02
2.440000000000000000e+02 3.356934998099450618e-02
2.450000000000000000e+02 3.285722354241554788e-02
2.460000000000000000e+02 3.158476566918553413e-02
2.470000000000000000e+02 3.057371696579897977e-02
2.480000000000000000e+02 3.036276609830671283e-02
2.490000000000000000e+02 3.068225755081344097e-02
2.500000000000000000e+02 3.045288465742422221e-02
2.510000000000000000e+02 2.974254752034707905e-02
2.520000000000000000e+02 2.893014240194900083e-02
2.530000000000000000e+02 2.823125679448347525e-02
2.540000000000000000e+02 2.786034237272892733e-02
2.550000000000000000e+02 2.796118118171383657e-02
2.560000000000000000e+02 2.836752377320432214e-02
2.570000000000000000e+02 2.835619671674066006e-02
2.580000000000000000e+02 2.780837483345881961e-02
2.590000000000000000e+02 2.695428676964018930e-02
2.600000000000000000e+02 2.592850355736477444e-02
2.610000000000000000e+02 2.513193764704363051e-02
2.620000000000000000e+02 2.491414075641398482e-02
2.630000000000000000e+02 2.526878031407375769e-02
2.640000000000000000e+02 2.540442492705484792e-02
2.650000000000000000e+02 2.520648150352360062e-02
2.660000000000000000e+02 2.512549616163709670e-02
2.670000000000000000e+02 2.540899931524209440e-02
2.680000000000000000e+02 2.579218990121344077e-02
2.690000000000000000e+02 2.588753633254495257e-02
2.700000000000000000e+02 2.588990132235604799e-02
2.710000000000000000e+02 2.629795541963087652e-02
2.720000000000000000e+02 2.721849658531257446e-02
2.730000000000000000e+02 2.883986825139655055e-02
2.740000000000000000e+02 3.117395760351225967e-02
2.750000000000000000e+02 3.382282398765599357e-02
2.760000000000000000e+02 3.650783426213640576e-02
2.770000000000000000e+02 3.870413183946885133e-02
2.780000000000000000e+02 4.143286330716752092e-02
2.790000000000000000e+02 4.446916792345648184e-02
2.800000000000000000e+02 4.733257933723961086e-02
2.810000000000000000e+02 5.081614709240839245e-02
2.820000000000000000e+02 5.268103491331768001e-02
2.830000000000000000e+02 5.298397143714674018e-02
2.840000000000000000e+02 5.081767188847081951e-02
2.850000000000000000e+02 4.718609000124317915e-02
2.860000000000000000e+02 4.262089726779884347e-02
2.870000000000000000e+02 3.774654435312783246e-02
2.880000000000000000e+02 3.259519200683232837e-02
2.890000000000000000e+02 2.890958877339336666e-02
2.900000000000000000e+02 2.648659447535268302e-02
2.910000000000000000e+02 2.616315100039846853e-02
2.920000000000000000e+02 2.563418679903141026e-02
2.930000000000000000e+02 2.385860846177795258e-02
2.940000000000000000e+02 2.242072577491925275e-02
2.950000000000000000e+02 2.172523206073542767e-02
2.960000000000000000e+02 2.180333896107553363e-02
2.970000000000000000e+02 2.161681594886892196e-02
2.980000000000000000e+02 2.129777571152352209e-02
2.990000000000000000e+02 2.102309459227964805e-02
3.000000000000000000e+02 2.082508893217442300e-02
3.010000000000000000e+02 2.066696135684444741e-02
3.020000000000000000e+02 2.027326834901461636e-02
3.030000000000000000e+02 2.001381963125141092e-02
3.040000000000000000e+02 2.020781103233516493e-02
3.050000000000000000e+02 2.081355960684533671e-02
3.060000000000000000e+02 2.115309123617239648e-02
3.070000000000000000e+02 2.085132164810538785e-02
3.080000000000000000e+02 2.040550550957050818e-02
3.090000000000000000e+02 2.034146407494901582e-02
3.100000000000000000e+02 2.043713724829390038e-02
3.110000000000000000e+02 2.046470805056535211e-02
3.120000000000000000e+02 2.036349582213658332e-02
3.130000000000000000e+02 1.997044073919001378e-02
3.140000000000000000e+02 1.920062099653513377e-02
3.150000000000000000e+02 1.854094443067460379e-02
3.160000000000000000e+02 1.837181654089432847e-02
3.170000000000000000e+02 1.859535475547327912e-02
3.180000000000000000e+02 1.868281270105330572e-02
3.190000000000000000e+02 1.862897806456391067e-02
3.200000000000000000e+02 1.845163494701878432e-02
3.210000000000000000e+02 1.812632437484528250e-02
3.220000000000000000e+02 1.791014563513902008e-02
3.230000000000000000e+02 1.813895839936244953e-02
3.240000000000000000e+02 1.844453997758549804e-02
3.250000000000000000e+02 1.803304730959848223e-02
3.260000000000000000e+02 1.712722509366215382e-02
3.270000000000000000e+02 1.695328942854222240e-02
3.280000000000000000e+02 1.810024725034926202e-02
3.290000000000000000e+02 1.938669279358042064e-02
3.300000000000000000e+02 1.964911330775099066e-02
3.310000000000000000e+02 1.937936443699472822e-02
3.320000000000000000e+02 1.946350828501052302e-02
3.330000000000000000e+02 1.988432087995047060e-02
3.340000000000000000e+02 2.055196372727995449e-02
3.350000000000000000e+02 2.140192861807265964e-02
3.360000000000000000e+02 2.237949404466003239e-02
3.370000000000000000e+02 2.338598391900283471e-02
3.380000000000000000e+02 2.436843491664733574e-02
3.390000000000000000e+02 2.572281168037349533e-02
3.400000000000000000e+02 2.712802016589469997e-02
3.410000000000000000e+02 2.867839546021534736e-02
3.420000000000000000e+02 3.018343141039434713e-02
3.430000000000000000e+02 3.119729631875332518e-02
3.440000000000000000e+02 3.198805866855118640e-02
3.450000000000000000e+02 3.178549417940221278e-02
3.460000000000000000e+02 3.084355919141620883e-02
3.470000000000000000e+02 2.908733642866934144e-02
3.480000000000000000e+02 2.683888460234485837e-02
3.490000000000000000e+02 2.451985650113138251e-02
3.500000000000000000e+02 2.260900697034069415e-02
3.510000000000000000e+02 2.127986713736187627e-02
3.520000000000000000e+02 2.077729124336072028e-02
3.530000000000000000e+02 2.015529892304276233e-02
3.540000000000000000e+02 1.974838064324299994e-02
3.550000000000000000e+02 1.898367985879766129e-02
3.560000000000000000e+02 1.788492426353517281e-02
3.570000000000000000e+02 1.715348892788010407e-02
3.580000000000000000e+02 1.714776316307429702e-02
3.590000000000000000e+02 1.736848517268082051e-02
3.600000000000000000e+02 1.673580372078245851e-02
3.610000000000000000e+02 1.587757692479441207e-02
3.620000000000000000e+02 1.559029289932035989e-02
3.630000000000000000e+02 1.603976543657634202e-02
3.640000000000000000e+02 1.648184738067265051e-02
3.650000000000000000e+02 1.645622147133795829e-02
3.660000000000000000e+02 1.618945995613255140e-02
3.670000000000000000e+02 1.573493069724100565e-02
3.680000000000000000e+02 1.531990143593779316e-02
3.690000000000000000e+02 1.529939448481264230e-02
3.700000000000000000e+02 1.571445486440284367e-02
3.710000000000000000e+02 1.605215051479760152e-02
3.720000000000000000e+02 1.608067042482218614e-02
3.730000000000000000e+02 1.586222005016579145e-02
3.740000000000000000e+02 1.536290535264098547e-02
3.750000000000000000e+02 1.491032254260054625e-02
3.760000000000000000e+02 1.503526402077207808e-02
3.770000000000000000e+02 1.565186043012629924e-02
3.780000000000000000e+02 1.605686493527629793e-02
3.790000000000000000e+02 1.594774866195255991e-02
3.800000000000000000e+02 1.556720313037519843e-02
3.810000000000000000e+02 1.500794994436828282e-02
3.820000000000000000e+02 1.465506856992333622e-02
3.830000000000000000e+02 1.515612433560512527e-02
3.840000000000000000e+02 1.610975046401255661e-02
3.850000000000000000e+02 1.629999211151424848e-02
3.860000000000000000e+02 1.544564887774231912e-02
3.870000000000000000e+02 1.467612475881382821e-02
3.880000000000000000e+02 1.477325737981845244e-02
3.890000000000000000e+02 1.515929062130616338e-02
3.900000000000000000e+02 1.518776229798591594e-02
3.910000000000000000e+02 1.507812946109817268e-02
3.920000000000000000e+02 1.504949285749738325e-02
3.930000000000000000e+02 1.511807756201913495e-02
3.940000000000000000e+02 1.520966179245378420e-02
3.950000000000000000e+02 1.529258424770530041e-02
3.960000000000000000e+02 1.540355205910482958e-02
3.970000000000000000e+02 1.552273043052616874e-02
3.980000000000000000e+02 1.574253911840959447e-02
3.990000000000000000e+02 1.625404596077633518e-02
4.000000000000000000e+02 1.691898151713784951e-02
4.010000000000000000e+02 1.745125981606913956e-02
4.020000000000000000e+02 1.768688748514296236e-02
4.030000000000000000e+02 1.748709252353592911e-02
4.040000000000000000e+02 1.682444416126803108e-02
4.050000000000000000e+02 1.606190609776837058e-02
4.060000000000000000e+02 1.584585183121005672e-02
4.070000000000000000e+02 1.607866329531145583e-02
4.080000000000000000e+02 1.616945089759920864e-02
4.090000000000000000e+02 1.604213042638743397e-02
4.100000000000000000e+02 1.582360225601357057e-02
4.110000000000000000e+02 1.555287315921718115e-02
4.120000000000000000e+02 1.531894299269856083e-02
4.130000000000000000e+02 1.516436290208522143e-02
4.140000000000000000e+02 1.511058739034110143e-02
4.150000000000000000e+02 1.496868177801801217e-02
4.160000000000000000e+02 1.482419023604621133e-02
4.170000000000000000e+02 1.485022379494044600e-02
4.180000000000000000e+02 1.511275633494417112e-02
4.190000000000000000e+02 1.517784178809411175e-02
4.200000000000000000e+02 1.468736935181697359e-02
4.210000000000000000e+02 1.402228131584921413e-02
4.220000000000000000e+02 1.363215757553691912e-02
4.230000000000000000e+02 1.357922692528452588e-02
4.240000000000000000e+02 1.365318420205477098e-02
4.250000000000000000e+02 1.383548290680275232e-02
4.260000000000000000e+02 1.387518361734215930e-02
4.270000000000000000e+02 1.356314188274038157e-02
4.280000000000000000e+02 1.328996222084368253e-02
4.290000000000000000e+02 1.340357041889415207e-02
4.300000000000000000e+02 1.375492077361928703e-02
4.310000000000000000e+02 1.408610336654743736e-02
4.320000000000000000e+02 1.426801464862241693e-02
4.330000000000000000e+02 1.411358859352966795e-02
4.340000000000000000e+02 1.355574662183766342e-02
4.350000000000000000e+02 1.311873229077736500e-02
4.360000000000000000e+02 1.323420447421842262e-02
4.370000000000000000e+02 1.358531366221939728e-02
4.380000000000000000e+02 1.370112970273167259e-02
4.390000000000000000e+02 1.365249493199798513e-02
4.400000000000000000e+02 1.357959723289968446e-02
4.410000000000000000e+02 1.349653785718542276e-02
4.420000000000000000e+02 1.342313604183791552e-02
4.430000000000000000e+02 1.338763785595624943e-02
4.440000000000000000e+02 1.337868512478977701e-02
4.450000000000000000e+02 1.327635730577248971e-02
4.460000000000000000e+02 1.331972686234779088e-02
4.470000000000000000e+02 1.373010238383193422e-02
4.480000000000000000e+02 1.443112426169919360e-02
4.490000000000000000e+02 1.514557523631616075e-02
4.500000000000000000e+02 1.570063834498013067e-02
4.510000000000000000e+02 1.622815554600224100e-02
4.520000000000000000e+02 1.674121830271838376e-02
4.530000000000000000e+02 1.742446697097239580e-02
4.540000000000000000e+02 1.887171626221451071e-02
4.550000000000000000e+02 2.037956841736593416e-02
4.560000000000000000e+02 2.147571007652142316e-02
4.570000000000000000e+02 2.180046051952913566e-02
4.580000000000000000e+02 2.183492402236844598e-02
4.590000000000000000e+02 2.170092867859773136e-02
4.600000000000000000e+02 2.162215273508737851e-02
4.610000000000000000e+02 2.205631507514521639e-02
4.620000000000000000e+02 2.251711466886486060e-02
4.630000000000000000e+02 2.275462499430146515e-02
4.640000000000000000e+02 2.247644306777142609e-02
4.650000000000000000e+02 2.148890423020437604e-02
4.660000000000000000e+02 1.989863529196499517e-02
4.670000000000000000e+02 1.831785743125698140e-02
4.680000000000000000e+02 1.719641660478017295e-02
4.690000000000000000e+02 1.661599831587830603e-02
4.700000000000000000e+02 1.638088409853979271e-02
4.710000000000000000e+02 1.643548113306039782e-02
4.720000000000000000e+02 1.577273941593153664e-02
4.730000000000000000e+02 1.480898117328078092e-02
4.740000000000000000e+02 1.410990730017897682e-02
4.750000000000000000e+02 1.394964656627596146e-02
4.760000000000000000e+02 1.412286651079516786e-02
4.770000000000000000e+02 1.449727240434977617e-02
4.780000000000000000e+02 1.490565946729538113e-02
4.790000000000000000e+02 1.504362550448577925e-02
4.800000000000000000e+02 1.494553910798496719e-02
4.810000000000000000e+02 1.476213570404891033e-02
4.820000000000000000e+02 1.455548227198969792e-02
4.830000000000000000e+02 1.457128880586529805e-02
4.840000000000000000e+02 1.487357028975326047e-02
4.850000000000000000e+02 1.518795211953654321e-02
4.860000000000000000e+02 1.535890042910561734e-02
4.870000000000000000e+02 1.531390338612084040e-02
4.880000000000000000e+02 1.491601407729066693e-02
4.890000000000000000e+02 1.453106375219014382e-02
4.900000000000000000e+02 1.484854651927178769e-02
4.910000000000000000e+02 1.568503252405560253e-02
4.920000000000000000e+02 1.616700811207064450e-02
4.930000000000000000e+02 1.599528184532686415e-02
4.940000000000000000e+02 1.591507446061506126e-02
4.950000000000000000e+02 1.644252942506319731e-02
4.960000000000000000e+02 1.687382888271813514e-02
4.970000000000000000e+02 1.657703822056922141e-02
4.980000000000000000e+02 1.606049021571040805e-02
4.990000000000000000e+02 1.621058927299746238e-02
5.000000000000000000e+02 1.706447506795066849e-02
5.010000000000000000e+02 1.820469578062479041e-02
5.020000000000000000e+02 1.943501949327292727e-02
5.030000000000000000e+02 2.049750672505079585e-02
5.040000000000000000e+02 2.121542116500954242e-02
5.050000000000000000e+02 2.175179151867976529e-02
5.060000000000000000e+02 2.252663686468322005e-02
5.070000000000000000e+02 2.371621118052045021e-02
5.080000000000000000e+02 2.591414246791977002e-02
5.090000000000000000e+02 2.901240359360201734e-02
5.100000000000000000e+02 3.255545395434853578e-02
5.110000000000000000e+02 3.629098647925989990e-02
5.120000000000000000e+02 4.216632133147681788e-02
5.130000000000000000e+02 5.026000106735724338e-02
5.140000000000000000e+02 6.231144457467447523e-02
5.150000000000000000e+02 7.934904900181093124e-02
5.160000000000000000e+02 1.000181108430270582e-01
5.170000000000000000e+02 1.287462022075623880e-01
5.180000000000000000e+02 1.565354081762365401e-01
5.190000000000000000e+02 1.754847334461993591e-01
5.200000000000000000e+02 1.784618199623499712e-01
5.210000000000000000e+02 1.622308326522318156e-01
5.220000000000000000e+02 1.295619525418116869e-01
5.230000000000000000e+02 9.161223689293862549e-02
5.240000000000000000e+02 6.331679863154221488e-02
5.250000000000000000e+02 4.938694640761937676e-02
5.260000000000000000e+02 3.681814581998164165e-02
5.270000000000000000e+02 3.290872430738083637e-02
5.280000000000000000e+02 2.962364454576559003e-02
5.290000000000000000e+02 2.723357339535830215e-02
5.300000000000000000e+02 2.709439685680406842e-02
5.310000000000000000e+02 2.845992952641545823e-02
5.320000000000000000e+02 3.095155520640837862e-02
5.330000000000000000e+02 3.283624981698557432e-02
5.340000000000000000e+02 3.375041173383470927e-02
5.350000000000000000e+02 3.389638761809584538e-02
5.360000000000000000e+02 3.234640130236254157e-02
5.370000000000000000e+02 2.878833636814426972e-02
5.380000000000000000e+02 2.390796206494106430e-02
5.390000000000000000e+02 1.940649958324833918e-02
5.400000000000000000e+02 1.683452648625217637e-02
5.410000000000000000e+02 1.560714345172441349e-02
5.420000000000000000e+02 1.444707238378058894e-02
5.430000000000000000e+02 1.407095498444163421e-02
5.440000000000000000e+02 1.307178568711278230e-02
5.450000000000000000e+02 1.232315283015374477e-02
5.460000000000000000e+02 1.216594791203295944e-02
5.470000000000000000e+02 1.265949172323582207e-02
5.480000000000000000e+02 1.297727011404385331e-02
5.490000000000000000e+02 1.276448171170494091e-02
5.500000000000000000e+02 1.233375171870188837e-02
5.510000000000000000e+02 1.182768746472936776e-02
5.520000000000000000e+02 1.140294774197152076e-02
5.530000000000000000e+02 1.113608509233340350e-02
5.540000000000000000e+02 1.116924162711921235e-02
5.550000000000000000e+02 1.141747531425191080e-02
5.560000000000000000e+02 1.178829638114549209e-02
5.570000000000000000e+02 1.184709282849513885e-02
5.580000000000000000e+02 1.147147176583364521e-02
5.590000000000000000e+02 1.106614207458462250e-02
5.600000000000000000e+02 1.086627087317446581e-02
5.610000000000000000e+02 1.086126860854112926e-02
5.620000000000000000e+02 1.103089905865625893e-02
5.630000000000000000e+02 1.129225065966878681e-02
5.640000000000000000e+02 1.141025431575632548e-02
5.650000000000000000e+02 1.136936333073962531e-02
5.660000000000000000e+02 1.123992370418396350e-02
5.670000000000000000e+02 1.106099510991679150e-02
5.680000000000000000e+02 1.098832924205655169e-02
5.690000000000000000e+02 1.110402703307827345e-02
5.700000000000000000e+02 1.138426432246387142e-02
5.710000000000000000e+02 1.181800656564737165e-02
5.720000000000000000e+02 1.216906440847481501e-02
5.730000000000000000e+02 1.213956427241010688e-02
5.740000000000000000e+02 1.198023708711673345e-02
5.750000000000000000e+02 1.223592049215438057e-02
5.760000000000000000e+02 1.291829006880097601e-02
5.770000000000000000e+02 1.396207521009900504e-02
5.780000000000000000e+02 1.516800840940587571e-02
5.790000000000000000e+02 1.611589632569270306e-02
5.800000000000000000e+02 1.649301884570137516e-02
5.810000000000000000e+02 1.613816146003268365e-02
5.820000000000000000e+02 1.527258296874370314e-02
5.830000000000000000e+02 1.400777085862666728e-02
5.840000000000000000e+02 1.274196451924035876e-02
5.850000000000000000e+02 1.187963322119858604e-02
5.860000000000000000e+02 1.148397353763111126e-02
5.870000000000000000e+02 1.175421718915048430e-02
5.880000000000000000e+02 1.206633360764103324e-02
5.890000000000000000e+02 1.218981252632412617e-02
5.900000000000000000e+02 1.221020900753046895e-02
5.910000000000000000e+02 1.201998291917227152e-02
5.920000000000000000e+02 1.207389535137913875e-02
5.930000000000000000e+02 1.290123724753150340e-02
5.940000000000000000e+02 1.392460412482229501e-02
5.950000000000000000e+02 1.443072750354009413e-02
5.960000000000000000e+02 1.437042959884327065e-02
5.970000000000000000e+02 1.432763261874855053e-02
5.980000000000000000e+02 1.438108605622234401e-02
5.990000000000000000e+02 1.480374863332373399e-02
6.000000000000000000e+02 1.567197840266409958e-02
6.010000000000000000e+02 1.620621715367563664e-02
6.020000000000000000e+02 1.579405544251837740e-02
6.030000000000000000e+02 1.522586975223153179e-02
6.040000000000000000e+02 1.549714186313586040e-02
6.050000000000000000e+02 1.634690292914879606e-02
6.060000000000000000e+02 1.731913156951770880e-02
6.070000000000000000e+02 1.837220551948168246e-02
6.080000000000000000e+02 1.980486033412638333e-02
6.090000000000000000e+02 2.142394480611673271e-02
6.100000000000000000e+02 2.357580546963018719e-02
6.110000000000000000e+02 2.623200021035962046e-02
6.120000000000000000e+02 2.913777917187703598e-02
6.130000000000000000e+02 3.219868279403008404e-02
6.140000000000000000e+02 3.581031785929835592e-02
6.150000000000000000e+02 4.148686909423535824e-02
6.160000000000000000e+02 4.750542586231495945e-02
6.170000000000000000e+02 5.368355720606949461e-02
6.180000000000000000e+02 5.827867017245287606e-02
6.190000000000000000e+02 6.195941895312170183e-02
6.200000000000000000e+02 6.369035810769074768e-02
6.210000000000000000e+02 6.353473555446330356e-02
6.220000000000000000e+02 6.186080510165644503e-02
6.230000000000000000e+02 5.787788219518976568e-02
6.240000000000000000e+02 5.195001967453694719e-02
6.250000000000000000e+02 4.549148144673272748e-02
6.260000000000000000e+02 3.885864969350821124e-02
6.270000000000000000e+02 3.397662612109463715e-02
6.280000000000000000e+02 2.871516171629177536e-02
6.290000000000000000e+02 2.522502800256850100e-02
6.300000000000000000e+02 2.233479262540164281e-02
6.310000000000000000e+02 2.085866556383457471e-02
6.320000000000000000e+02 1.970030288984639735e-02
6.330000000000000000e+02 1.840508198968460185e-02
6.340000000000000000e+02 1.731060515888297249e-02
6.350000000000000000e+02 1.601877615200287402e-02
6.360000000000000000e+02 1.514018243718112493e-02
6.370000000000000000e+02 1.420452867542366243e-02
6.380000000000000000e+02 1.389883662728180758e-02
6.390000000000000000e+02 1.412370203680079692e-02
6.400000000000000000e+02 1.480947906587259076e-02
6.410000000000000000e+02 1.501095597089133205e-02
6.420000000000000000e+02 1.461794289763219436e-02
6.430000000000000000e+02 1.436025236308381518e-02
6.440000000000000000e+02 1.449462734995578782e-02
6.450000000000000000e+02 1.450541294822586119e-02
6.460000000000000000e+02 1.414503362253113211e-02
6.470000000000000000e+02 1.341954499151948831e-02
6.480000000000000000e+02 1.219272208615751300e-02
6.490000000000000000e+02 1.109056526212722459e-02
6.500000000000000000e+02 1.072485381795708695e-02
6.510000000000000000e+02 1.109586626231564600e-02
6.520000000000000000e+02 1.129649052627091331e-02
6.530000000000000000e+02 1.127332918526567813e-02
6.540000000000000000e+02 1.115745402000812604e-02
6.550000000000000000e+02 1.096214164764172487e-02
6.560000000000000000e+02 1.074903583877553220e-02
6.570000000000000000e+02 1.055528871624463252e-02
6.580000000000000000e+02 1.050481018700690113e-02
6.590000000000000000e+02 1.068314753382130014e-02
6.600000000000000000e+02 1.089795240115704056e-02
6.610000000000000000e+02 1.086178206027643353e-02
6.620000000000000000e+02 1.063690575935699774e-02
6.630000000000000000e+02 1.039216354402436315e-02
6.640000000000000000e+02 1.017602059034813412e-02
6.650000000000000000e+02 9.952661305919366028e-03
6.660000000000000000e+02 9.827347964218326876e-03
6.670000000000000000e+02 1.006446464332452773e-02
6.680000000000000000e+02 1.072294782287906700e-02
6.690000000000000000e+02 1.126891505625641707e-02
6.700000000000000000e+02 1.127557592558621653e-02
6.710000000000000000e+02 1.092251873281978834e-02
6.720000000000000000e+02 1.042623806827632296e-02
6.730000000000000000e+02 1.008618831947091440e-02
6.740000000000000000e+02 1.040862511784106277e-02
6.750000000000000000e+02 1.117707876769716453e-02
6.760000000000000000e+02 1.165873539327057749e-02
6.770000000000000000e+02 1.170953444086428492e-02
6.780000000000000000e+02 1.160864739853454709e-02
6.790000000000000000e+02 1.141827505422750473e-02
6.800000000000000000e+02 1.137868948134995381e-02
6.810000000000000000e+02 1.164824075098384350e-02
6.820000000000000000e+02 1.210907768664787505e-02
6.830000000000000000e+02 1.264118172317203054e-02
6.840000000000000000e+02 1.318635855205988264e-02
6.850000000000000000e+02 1.382769244365528519e-02
6.860000000000000000e+02 1.426830404869140582e-02
6.870000000000000000e+02 1.441090048698563317e-02
6.880000000000000000e+02 1.435334099154376118e-02
6.890000000000000000e+02 1.477382684447033599e-02
6.900000000000000000e+02 1.571205875630475937e-02
6.910000000000000000e+02 1.680594433965361401e-02
6.920000000000000000e+02 1.787176122813920881e-02
6.930000000000000000e+02 1.919228129562232724e-02
6.940000000000000000e+02 2.071807314322238192e-02
6.950000000000000000e+02 2.307536117828771355e-02
6.960000000000000000e+02 2.667854762863872131e-02
6.970000000000000000e+02 3.120663180484975485e-02
6.980000000000000000e+02 3.710763924383184836e-02
6.990000000000000000e+02 4.307404176291942249e-02
7.000000000000000000e+02 5.050866729867907468e-02
7.010000000000000000e+02 5.713754702945610109e-02
7.020000000000000000e+02 6.387169992511385064e-02
7.030000000000000000e+02 6.836857245947583483e-02
7.040000000000000000e+02 6.982131412837133677e-02
7.050000000000000000e+02 6.738364755801576345e-02
7.060000000000000000e+02 6.106257436298143798e-02
7.070000000000000000e+02 5.188904339118378256e-02
7.080000000000000000e+02 4.205806081104524613e-02
7.090000000000000000e+02 3.302502890499882382e-02
7.100000000000000000e+02 2.699982838264726112e-02
7.110000000000000000e+02 2.163716730855913192e-02
7.120000000000000000e+02 1.999146114205046718e-02
7.130000000000000000e+02 1.852353374910476261e-02
7.140000000000000000e+02 1.861346559850034915e-02
7.150000000000000000e+02 1.853542093473421748e-02
7.160000000000000000e+02 1.862376575149340269e-02
7.170000000000000000e+02 1.912116045071104650e-02
7.180000000000000000e+02 2.024767355796691301e-02
7.190000000000000000e+02 2.348084801688602591e-02
7.200000000000000000e+02 2.922567277347489639e-02
7.210000000000000000e+02 3.616042970620136215e-02
7.220000000000000000e+02 4.393553597904120700e-02
7.230000000000000000e+02 4.897153283547185654e-02
7.240000000000000000e+02 5.072928039428114405e-02
7.250000000000000000e+02 4.746805279964225882e-02
7.260000000000000000e+02 4.189721038560381000e-02
7.270000000000000000e+02 3.551877062850693212e-02
7.280000000000000000e+02 3.201990823528350072e-02
7.290000000000000000e+02 3.274734487106060327e-02
7.300000000000000000e+02 3.477767306474206094e-02
7.310000000000000000e+02 3.731944586421628851e-02
7.320000000000000000e+02 3.862187064781583135e-02
7.330000000000000000e+02 3.746224768320463583e-02
7.340000000000000000e+02 3.440230872794822203e-02
7.350000000000000000e+02 3.020717466336626106e-02
7.360000000000000000e+02 2.600184935979570414e-02
7.370000000000000000e+02 2.309645937686563913e-02
7.380000000000000000e+02 2.160315502088114639e-02
7.390000000000000000e+02 1.973422182266341626e-02
7.400000000000000000e+02 1.878603205899280482e-02
7.410000000000000000e+02 1.810030948692324324e-02
7.420000000000000000e+02 1.796586292799119688e-02
7.430000000000000000e+02 1.742152629285202009e-02
7.440000000000000000e+02 1.670770390763220981e-02
7.450000000000000000e+02 1.623266769761551320e-02
7.460000000000000000e+02 1.620083369002669679e-02
7.470000000000000000e+02 1.631256389945743776e-02
7.480000000000000000e+02 1.642449637775359947e-02
7.490000000000000000e+02 1.636884132147539694e-02
7.500000000000000000e+02 1.596117620278791893e-02
7.510000000000000000e+02 1.548829493414514806e-02
7.520000000000000000e+02 1.516605106915432447e-02
7.530000000000000000e+02 1.506129291192326823e-02
7.540000000000000000e+02 1.508914377877760768e-02
7.550000000000000000e+02 1.529275384236938526e-02
7.560000000000000000e+02 1.547937487718001152e-02
7.570000000000000000e+02 1.565209381727870885e-02
7.580000000000000000e+02 1.586264014704013084e-02
7.590000000000000000e+02 1.607105487414286701e-02
7.600000000000000000e+02 1.620669948712395031e-02
7.610000000000000000e+02 1.630165693986811160e-02
7.620000000000000000e+02 1.687006356999257162e-02
7.630000000000000000e+02 1.808025375095941717e-02
7.640000000000000000e+02 1.934115118057335228e-02
7.650000000000000000e+02 2.024516853586437112e-02
7.660000000000000000e+02 2.084089702196437535e-02
7.670000000000000000e+02 2.136144372670115837e-02
7.680000000000000000e+02 2.176104920905872278e-02
7.690000000000000000e+02 2.247904144473493460e-02
7.700000000000000000e+02 2.332726371145630445e-02
7.710000000000000000e+02 2.407572075009386040e-02
7.720000000000000000e+02 2.531713813205324973e-02
7.730000000000000000e+02 2.811913760646538377e-02
7.740000000000000000e+02 3.281555615613849369e-02
7.750000000000000000e+02 3.955327209565636520e-02
7.760000000000000000e+02 4.854673709979743373e-02
7.770000000000000000e+02 6.291176300810522037e-02
7.780000000000000000e+02 8.274458312309040942e-02
7.790000000000000000e+02 1.156586908941201891e-01
7.800000000000000000e+02 1.610416473149819672e-01
7.810000000000000000e+02 2.322743624679851071e-01
7.820000000000000000e+02 3.379568884140238261e-01
7.830000000000000000e+02 4.370295790209222098e-01
7.840000000000000000e+02 5.302042651035328014e-01
7.850000000000000000e+02 5.436023991576901526e-01
7.860000000000000000e+02 4.629640261711017168e-01
7.870000000000000000e+02 3.113160561492147038e-01
7.880000000000000000e+02 1.846336654121329135e-01
7.890000000000000000e+02 1.106476820221409807e-01
7.900000000000000000e+02 5.776632313633746352e-02
7.910000000000000000e+02 4.582321794516926866e-02
7.920000000000000000e+02 3.929357443159726265e-02
7.930000000000000000e+02 3.441422703186466231e-02
7.940000000000000000e+02 3.220352168765672901e-02
7.950000000000000000e+02 2.966602765264336750e-02
7.960000000000000000e+02 2.829189077667976920e-02
7.970000000000000000e+02 2.684624407721753966e-02
7.980000000000000000e+02 2.631972266137904901e-02
7.990000000000000000e+02 2.612350630277564256e-02
8.000000000000000000e+02 2.661253018279348750e-02
8.010000000000000000e+02 2.708026915451147362e-02
8.020000000000000000e+02 2.783423412994592144e-02
8.030000000000000000e+02 2.876607123380429260e-02
8.040000000000000000e+02 2.989224203990329190e-02
8.050000000000000000e+02 3.140737587420992794e-02
8.060000000000000000e+02 3.306331995713767541e-02
8.070000000000000000e+02 3.539042325382455584e-02
8.080000000000000000e+02 3.747320132022444877e-02
8.090000000000000000e+02 3.830938080988142286e-02
8.100000000000000000e+02 3.716920677463778772e-02
8.110000000000000000e+02 3.456431053000821874e-02
8.120000000000000000e+02 3.102332953534640489e-02
8.130000000000000000e+02 2.761715295991700250e-02
8.140000000000000000e+02 2.536429789598370135e-02
8.150000000000000000e+02 2.349094590101366564e-02
8.160000000000000000e+02 2.090990182336046471e-02
8.170000000000000000e+02 1.917049849473066378e-02
8.180000000000000000e+02 1.833013359547378332e-02
8.190000000000000000e+02 1.862323674061460918e-02
8.200000000000000000e+02 1.856748832947544350e-02
8.210000000000000000e+02 1.892114766109509114e-02
8.220000000000000000e+02 1.957581418275054080e-02
8.230000000000000000e+02 2.071938011127588339e-02
8.240000000000000000e+02 2.283864436916930793e-02
8.250000000000000000e+02 2.505921421035246094e-02
8.260000000000000000e+02 2.646485835189150287e-02
8.270000000000000000e+02 2.633030287895499894e-02
8.280000000000000000e+02 2.514195773545379459e-02
8.290000000000000000e+02 2.310490799178290325e-02
8.300000000000000000e+02 2.097761521584655051e-02
8.310000000000000000e+02 1.954871015478391524e-02
8.320000000000000000e+02 1.823290450777949323e-02
8.330000000000000000e+02 1.689274880120689160e-02
8.340000000000000000e+02 1.608361110294256185e-02
8.350000000000000000e+02 1.576956535065875131e-02
8.360000000000000000e+02 1.607440008999408421e-02
8.370000000000000000e+02 1.658825636302842590e-02
8.380000000000000000e+02 1.698748842594213077e-02
8.390000000000000000e+02 1.659082362170494207e-02
8.400000000000000000e+02 1.583710759256640177e-02
8.410000000000000000e+02 1.548958634305515336e-02
8.420000000000000000e+02 1.545941560790585131e-02
8.430000000000000000e+02 1.530658280910689173e-02
8.440000000000000000e+02 1.509453502199829475e-02
8.450000000000000000e+02 1.482398641126643837e-02
8.460000000000000000e+02 1.447557673466167913e-02
8.470000000000000000e+02 1.366669887409369989e-02
8.480000000000000000e+02 1.261984858152734486e-02
8.490000000000000000e+02 1.220826722642241388e-02
8.500000000000000000e+02 1.276721856504554539e-02
8.510000000000000000e+02 1.286569705196240546e-02
8.520000000000000000e+02 1.184136861960368055e-02
8.530000000000000000e+02 1.098643569429332521e-02
8.540000000000000000e+02 1.101863845358295145e-02
8.550000000000000000e+02 1.131351378516774926e-02
8.560000000000000000e+02 1.125757555247795631e-02
8.570000000000000000e+02 1.124184837023417538e-02
8.580000000000000000e+02 1.156747479302060351e-02
8.590000000000000000e+02 1.173882452849182509e-02
8.600000000000000000e+02 1.113024574578008914e-02
8.610000000000000000e+02 1.037251078987703329e-02
8.620000000000000000e+02 1.049989660949148321e-02
8.630000000000000000e+02 1.116012241311735258e-02
8.640000000000000000e+02 1.125548907133540506e-02
8.650000000000000000e+02 1.094490678439337047e-02
8.660000000000000000e+02 1.097262851035670991e-02
8.670000000000000000e+02 1.128239083043660988e-02
8.680000000000000000e+02 1.132724939704429085e-02
8.690000000000000000e+02 1.107507146703585500e-02
8.700000000000000000e+02 1.107292274931932601e-02
8.710000000000000000e+02 1.143757305990316872e-02
8.720000000000000000e+02 1.167349790861772763e-02
8.730000000000000000e+02 1.157025365604863985e-02
8.740000000000000000e+02 1.153753277728066309e-02
8.750000000000000000e+02 1.178365820046991738e-02
8.760000000000000000e+02 1.196182284079153231e-02
8.770000000000000000e+02 1.184984679689358479e-02
8.780000000000000000e+02 1.163460316171131305e-02
8.790000000000000000e+02 1.148943012925447184e-02
8.800000000000000000e+02 1.145230445696333171e-02
8.810000000000000000e+02 1.160382717588009233e-02
8.820000000000000000e+02 1.174588060006637527e-02
8.830000000000000000e+02 1.149172199109114653e-02
8.840000000000000000e+02 1.120839932355067667e-02
8.850000000000000000e+02 1.145935430488048343e-02
8.860000000000000000e+02 1.209888333583057640e-02
8.870000000000000000e+02 1.270149674292669721e-02
8.880000000000000000e+02 1.311623660416092081e-02
8.890000000000000000e+02 1.335548799775450497e-02
8.900000000000000000e+02 1.338650203848118503e-02
8.910000000000000000e+02 1.366651216437177012e-02
8.920000000000000000e+02 1.413979174708799094e-02
8.930000000000000000e+02 1.441773250689386797e-02
8.940000000000000000e+02 1.436378895640001187e-02
8.950000000000000000e+02 1.432418160072156978e-02
8.960000000000000000e+02 1.438589383156200358e-02
8.970000000000000000e+02 1.405630760675634014e-02
8.980000000000000000e+02 1.318330895993504934e-02
8.990000000000000000e+02 1.243549140209510018e-02
9.000000000000000000e+02 1.225454478691675141e-02
9.010000000000000000e+02 1.237839090138630367e-02
9.020000000000000000e+02 1.253350778245018900e-02
9.030000000000000000e+02 1.256674522478216753e-02
9.040000000000000000e+02 1.207368219111327155e-02
9.050000000000000000e+02 1.168337174107904851e-02
9.060000000000000000e+02 1.201836943599193970e-02
9.070000000000000000e+02 1.260733903015813159e-02
9.080000000000000000e+02 1.285077894518031442e-02
9.090000000000000000e+02 1.266429171900373615e-02
9.100000000000000000e+02 1.198711734036980031e-02
9.110000000000000000e+02 1.118860964894060131e-02
9.120000000000000000e+02 1.107250732018803634e-02
9.130000000000000000e+02 1.155532932560915209e-02
9.140000000000000000e+02 1.186271265264881268e-02
9.150000000000000000e+02 1.200876944445611327e-02
9.160000000000000000e+02 1.237806727120162840e-02
9.170000000000000000e+02 1.272840005794225078e-02
9.180000000000000000e+02 1.237202565578289157e-02
9.190000000000000000e+02 1.135963419831279714e-02
9.200000000000000000e+02 1.089231843529784617e-02
9.210000000000000000e+02 1.134889683338755582e-02
9.220000000000000000e+02 1.177140070722530914e-02
9.230000000000000000e+02 1.180047919050132912e-02
9.240000000000000000e+02 1.159673220644680779e-02
9.250000000000000000e+02 1.121025864119821504e-02
9.260000000000000000e+02 1.082628231848041869e-02
9.270000000000000000e+02 1.059157886253014359e-02
9.280000000000000000e+02 1.080203650517364868e-02
9.290000000000000000e+02 1.161763902755975561e-02
9.300000000000000000e+02 1.231313274174357895e-02
9.310000000000000000e+02 1.216079472370773171e-02
9.320000000000000000e+02 1.177232958809190308e-02
9.330000000000000000e+02 1.189260799095826979e-02
9.340000000000000000e+02 1.212057278186127497e-02
9.350000000000000000e+02 1.216365138245323850e-02
9.360000000000000000e+02 1.210884429949546370e-02
9.370000000000000000e+02 1.215478111474728451e-02
9.380000000000000000e+02 1.206182456785645854e-02
9.390000000000000000e+02 1.144678874059469262e-02
9.400000000000000000e+02 1.082012400948547531e-02
9.410000000000000000e+02 1.091823841244457700e-02
9.420000000000000000e+02 1.157461021622697289e-02
9.430000000000000000e+02 1.186944509403868413e-02
9.440000000000000000e+02 1.189958471090100077e-02
9.450000000000000000e+02 1.224213170223720226e-02
9.460000000000000000e+02 1.271201316801432064e-02
9.470000000000000000e+02 1.278279793542613091e-02
9.480000000000000000e+02 1.242824084122687474e-02
9.490000000000000000e+02 1.223190934496161571e-02
9.500000000000000000e+02 1.232506349297481270e-02
9.510000000000000000e+02 1.256351203476410716e-02
9.520000000000000000e+02 1.287941399286675510e-02
9.530000000000000000e+02 1.315266678273787834e-02
9.540000000000000000e+02 1.327308055015264353e-02
9.550000000000000000e+02 1.329525232963165750e-02
9.560000000000000000e+02 1.325538358034251615e-02
9.570000000000000000e+02 1.360949723895219128e-02
9.580000000000000000e+02 1.456086417972428902e-02
9.590000000000000000e+02 1.534735398871868786e-02
9.600000000000000000e+02 1.548014816661166630e-02
9.610000000000000000e+02 1.569069605228743530e-02
9.620000000000000000e+02 1.648733975832604795e-02
9.630000000000000000e+02 1.738292405784329364e-02
9.640000000000000000e+02 1.817396647222405126e-02
9.650000000000000000e+02 1.887983813511840206e-02
9.660000000000000000e+02 1.979560264374742584e-02
9.670000000000000000e+02 2.022295007895487384e-02
9.680000000000000000e+02 1.980510928042228738e-02
9.690000000000000000e+02 1.914647517717585692e-02
9.700000000000000000e+02 1.919399280140667019e-02
9.710000000000000000e+02 1.983384701845579065e-02
9.720000000000000000e+02 2.098514584129767060e-02
9.730000000000000000e+02 2.205379449389918006e-02
9.740000000000000000e+02 2.229449444375206091e-02
9.750000000000000000e+02 2.196758127979867720e-02
9.760000000000000000e+02 2.213950981540787830e-02
9.770000000000000000e+02 2.254684819208198354e-02
9.780000000000000000e+02 2.284500805885837302e-02
9.790000000000000000e+02 2.318211246180035615e-02
9.800000000000000000e+02 2.396507968070770572e-02
9.810000000000000000e+02 2.502417501920387380e-02
9.820000000000000000e+02 2.608474847633197521e-02
9.830000000000000000e+02 2.729008420452867789e-02
9.840000000000000000e+02 2.952926278133070903e-02
9.850000000000000000e+02 3.283771237647401670e-02
9.860000000000000000e+02 3.805654472810318656e-02
9.870000000000000000e+02 4.403805517552347032e-02
9.880000000000000000e+02 4.987257839435551426e-02
9.890000000000000000e+02 5.389906690260552052e-02
9.900000000000000000e+02 5.691246845967124629e-02
9.910000000000000000e+02 5.846942527168987741e-02
9.920000000000000000e+02 6.028317018793422771e-02
9.930000000000000000e+02 6.354864542874698319e-02
9.940000000000000000e+02 7.069556684215824727e-02
9.950000000000000000e+02 8.439760208704127908e-02
9.960000000000000000e+02 1.135877533359192643e-01
9.970000000000000000e+02 1.627957851525006217e-01
9.980000000000000000e+02 2.729456523785496191e-01
9.990000000000000000e+02 4.454879961985900860e-01
1.000000000000000000e+03 6.716613073196900929e-01
1.001000000000000000e+03 9.160212344966749409e-01
1.002000000000000000e+03 1.000000000000000000e+00
1.003000000000000000e+03 8.381639028182120699e-01
1.004000000000000000e+03 5.689756280020394907e-01
1.005000000000000000e+03 3.283512955865400262e-01
1.006000000000000000e+03 1.494474247983807458e-01
1.007000000000000000e+03 7.514635319349086129e-02
1.008000000000000000e+03 6.865364708657371862e-02
1.009000000000000000e+03 4.785718697842834130e-02
1.010000000000000000e+03 4.490712669452687211e-02
1.011000000000000000e+03 3.859762950225210931e-02
1.012000000000000000e+03 3.707703440857906818e-02
1.013000000000000000e+03 3.319779763435670716e-02
1.014000000000000000e+03 3.094640512991184492e-02
1.015000000000000000e+03 2.903560227655163986e-02
1.016000000000000000e+03 2.879158822913452723e-02
1.017000000000000000e+03 2.912338696414504269e-02
1.018000000000000000e+03 3.080733750536207224e-02
1.019000000000000000e+03 3.310257567617314739e-02
1.020000000000000000e+03 3.567711603184583330e-02
1.021000000000000000e+03 3.721533963509762732e-02
1.022000000000000000e+03 4.011951600483515401e-02
1.023000000000000000e+03 4.390911655338831932e-02
1.024000000000000000e+03 5.665189948357646915e-02
1.025000000000000000e+03 8.380020877258739787e-02
1.026000000000000000e+03 1.263821615042206581e-01
1.027000000000000000e+03 1.995628191861043288e-01
1.028000000000000000e+03 2.607105643005721562e-01
1.029000000000000000e+03 2.786262956682255543e-01
1.030000000000000000e+03 2.406093956377451937e-01
1.031000000000000000e+03 1.736277496701850442e-01
1.032000000000000000e+03 9.929498408999781756e-02
1.033000000000000000e+03 5.251895531554021113e-02
1.034000000000000000e+03 4.234392895446134619e-02
1.035000000000000000e+03 3.069805008145989542e-02
1.036000000000000000e+03 2.873254127957462420e-02
1.037000000000000000e+03 2.532695595159799654e-02
1.038000000000000000e+03 2.402204170503940278e-02
1.039000000000000000e+03 2.252991984396046296e-02
1.040000000000000000e+03 2.184852271378224034e-02
1.041000000000000000e+03 2.122595470515500904e-02
1.042000000000000000e+03 2.086319327459134135e-02
1.043000000000000000e+03 1.993986702222421553e-02
1.044000000000000000e+03 1.898045911609439612e-02
1.045000000000000000e+03 1.874364895211502388e-02
1.046000000000000000e+03 1.941357899353813449e-02
1.047000000000000000e+03 2.031593152047528675e-02
1.048000000000000000e+03 2.132190794308278653e-02
1.049000000000000000e+03 2.232209636431050151e-02
1.050000000000000000e+03 2.301027728105212167e-02
1.051000000000000000e+03 2.356216010078590953e-02
1.052000000000000000e+03 2.357446738328970032e-02
1.053000000000000000e+03 2.263832039668347423e-02
1.054000000000000000e+03 2.097837761387776057e-02
1.055000000000000000e+03 1.940761984157991435e-02
1.056000000000000000e+03 1.860627727420609973e-02
1.057000000000000000e+03 1.866213459934972299e-02
1.058000000000000000e+03 1.962908869007415347e-02
1.059000000000000000e+03 2.033374673977596941e-02
1.060000000000000000e+03 2.046388341596016430e-02
1.061000000000000000e+03 2.035009939958821318e-02
1.062000000000000000e+03 1.991964013568195413e-02
1.063000000000000000e+03 1.900849669267066361e-02
1.064000000000000000e+03 1.781117392337339816e-02
1.065000000000000000e+03 1.671660373771080565e-02
1.066000000000000000e+03 1.611373360474703184e-02
1.067000000000000000e+03 1.586628098661773539e-02
1.068000000000000000e+03 1.604600465311745161e-02
1.069000000000000000e+03 1.614846161302574065e-02
1.070000000000000000e+03 1.604200595323948542e-02
1.071000000000000000e+03 1.579005674264040773e-02
1.072000000000000000e+03 1.546804159705894924e-02
1.073000000000000000e+03 1.527082634144322562e-02
1.074000000000000000e+03 1.537236375597101669e-02
1.075000000000000000e+03 1.602839170268219662e-02
1.076000000000000000e+03 1.712076804911212558e-02
1.077000000000000000e+03 1.765421328380546717e-02
1.078000000000000000e+03 1.727976693647777576e-02
1.079000000000000000e+03 1.683704706749820923e-02
1.080000000000000000e+03 1.662542715683569886e-02
1.081000000000000000e+03 1.678918714211052529e-02
1.082000000000000000e+03 1.729246319756891706e-02
1.083000000000000000e+03 1.738057462717569265e-02
1.084000000000000000e+03 1.681468857829726549e-02
1.085000000000000000e+03 1.613635659938737407e-02
1.086000000000000000e+03 1.566038684076103554e-02
1.087000000000000000e+03 1.569981371037494633e-02
1.088000000000000000e+03 1.634074150832515171e-02
1.089000000000000000e+03 1.689057052111772247e-02
1.090000000000000000e+03 1.702800443560062785e-02
1.091000000000000000e+03 1.688367782054986041e-02
1.092000000000000000e+03 1.650980716153144928e-02
1.093000000000000000e+03 1.632862093554329069e-02
1.094000000000000000e+03 1.647430119607803944e-02
1.095000000000000000e+03 1.646326976334075778e-02
1.096000000000000000e+03 1.618147811552010651e-02
1.097000000000000000e+03 1.587525861241379996e-02
1.098000000000000000e+03 1.563566336174899638e-02
1.099000000000000000e+03 1.526318057833025293e-02
1.100000000000000000e+03 1.483337013070769664e-02
1.101000000000000000e+03 1.477395442944698725e-02
1.102000000000000000e+03 1.518414324120920082e-02
1.103000000000000000e+03 1.536404583785909959e-02
1.104000000000000000e+03 1.514791999924071375e-02
1.105000000000000000e+03 1.507268687270395778e-02
1.106000000000000000e+03 1.521307391262202886e-02
1.107000000000000000e+03 1.502461534296475366e-02
1.108000000000000000e+03 1.451449326436898661e-02
1.109000000000000000e+03 1.460545512906387400e-02
1.110000000000000000e+03 1.539200873054659760e-02
1.111000000000000000e+03 1.566158489481007596e-02
1.112000000000000000e+03 1.516446714834663104e-02
1.113000000000000000e+03 1.484991416798491469e-02
1.114000000000000000e+03 1.499232078472851303e-02
1.115000000000000000e+03 1.541449169289549163e-02
1.116000000000000000e+03 1.599185883375817477e-02
1.117000000000000000e+03 1.633703843217357288e-02
1.118000000000000000e+03 1.630517330629776759e-02
1.119000000000000000e+03 1.629580670191434905e-02
1.120000000000000000e+03 1.641976639813141209e-02
1.121000000000000000e+03 1.683001433463890070e-02
1.122000000000000000e+03 1.750806624896589919e-02
1.123000000000000000e+03 1.846081484168026962e-02
1.124000000000000000e+03 1.940740201357099570e-02
1.125000000000000000e+03 1.985704570140540970e-02
1.126000000000000000e+03 1.971127208600970127e-02
1.127000000000000000e+03 1.992437011530414498e-02
1.128000000000000000e+03 2.040881960713473997e-02
1.129000000000000000e+03 2.051054528729880783e-02
1.130000000000000000e+03 2.008484712130172850e-02
1.131000000000000000e+03 1.944082305379620651e-02
1.132000000000000000e+03 1.875533386887905454e-02
1.133000000000000000e+03 1.826548535425602526e-02
1.134000000000000000e+03 1.816856744943161697e-02
1.135000000000000000e+03 1.825493625496706074e-02
1.136000000000000000e+03 1.860394340268199317e-02
1.137000000000000000e+03 1.914491926282645140e-02
1.138000000000000000e+03 1.977125258417924275e-02
1.139000000000000000e+03 2.033569163271272545e-02
1.140000000000000000e+03 2.072621057526977117e-02
1.141000000000000000e+03 2.104279246794310901e-02
1.142000000000000000e+03 2.145512532967880359e-02
1.143000000000000000e+03 2.268563575204886676e-02
1.144000000000000000e+03 2.436922843296553121e-02
1.145000000000000000e+03 2.563832553120082985e-02
1.146000000000000000e+03 2.667196611094073758e-02
1.147000000000000000e+03 2.872334582576964446e-02
1.148000000000000000e+03 3.146539592029921895e-02
1.149000000000000000e+03 3.474644586374951022e-02
1.150000000000000000e+03 3.814352034023490295e-02
1.151000000000000000e+03 4.313995029476019177e-02
1.152000000000000000e+03 4.763881439948941532e-02
1.153000000000000000e+03 5.178179421507932839e-02
1.154000000000000000e+03 5.339694222376568933e-02
1.155000000000000000e+03 5.372880319535017907e-02
1.156000000000000000e+03 5.149866448091818677e-02
1.157000000000000000e+03 4.796589871402123090e-02
1.158000000000000000e+03 4.381881128454888363e-02
1.159000000000000000e+03 3.986132757769497020e-02
1.160000000000000000e+03 3.701973008309049351e-02
1.161000000000000000e+03 3.369055570881312328e-02
1.162000000000000000e+03 3.197403988026305266e-02
1.163000000000000000e+03 3.142615576040724140e-02
1.164000000000000000e+03 3.187365228643947168e-02
1.165000000000000000e+03 3.095522716427296858e-02
1.166000000000000000e+03 3.004316573179553057e-02
1.167000000000000000e+03 2.971264284655152424e-02
1.168000000000000000e+03 2.997892202830861746e-02
1.169000000000000000e+03 3.036161472168815226e-02
1.170000000000000000e+03 3.133784206193503813e-02
1.171000000000000000e+03 3.290970453342096508e-02
1.172000000000000000e+03 3.490090148121490626e-02
1.173000000000000000e+03 3.709559646676745953e-02
1.174000000000000000e+03 3.984100733629174912e-02
1.175000000000000000e+03 4.354129840118909495e-02
1.176000000000000000e+03 4.700677087247430441e-02
1.177000000000000000e+03 4.979261995593961543e-02
1.178000000000000000e+03 5.037655461127114181e-02
1.179000000000000000e+03 4.848417378380787818e-02
1.180000000000000000e+03 4.537366761219582129e-02
1.181000000000000000e+03 4.259494461645077501e-02
1.182000000000000000e+03 3.936631342743192319e-02
1.183000000000000000e+03 3.603033970744765058e-02
1.184000000000000000e+03 3.330173271289692261e-02
1.185000000000000000e+03 3.181354731512197470e-02
1.186000000000000000e+03 3.041736313282731793e-02
1.187000000000000000e+03 2.878285954963437018e-02
1.188000000000000000e+03 2.736831557801673587e-02
1.189000000000000000e+03 2.653647708939459171e-02
1.190000000000000000e+03 2.678447427754617957e-02
1.191000000000000000e+03 2.803522714560199858e-02
1.192000000000000000e+03 2.865527457298319702e-02
1.193000000000000000e+03 2.830822787734851506e-02
1.194000000000000000e+03 2.827169500842450015e-02
1.195000000000000000e+03 2.889365621045546229e-02
1.196000000000000000e+03 3.042310445677661943e-02
1.197000000000000000e+03 3.264144934044013041e-02
1.198000000000000000e+03 3.477168279449685540e-02
1.199000000000000000e+03 3.685346507571312519e-02
1.200000000000000000e+03 4.057973991024552834e-02
1.201000000000000000e+03 4.582945716171037825e-02
1.202000000000000000e+03 5.306595256421686724e-02
1.203000000000000000e+03 6.235833983316552837e-02
1.204000000000000000e+03 7.551873017473384464e-02
1.205000000000000000e+03 9.257108466990265905e-02
1.206000000000000000e+03 1.185565035741686507e-01
1.207000000000000000e+03 1.443400270324559087e-01
1.208000000000000000e+03 1.722451641793041888e-01
1.209000000000000000e+03 1.810938046758026887e-01
1.210000000000000000e+03 1.633756744305236708e-01
1.211000000000000000e+03 1.251888685530883338e-01
1.212000000000000000e+03 8.862133385736528646e-02
1.213000000000000000e+03 6.048948443066527042e-02
1.214000000000000000e+03 4.200705793867177268e-02
1.215000000000000000e+03 3.635756405427091609e-02
1.216000000000000000e+03 3.001848893021397471e-02
1.217000000000000000e+03 2.870668198308752236e-02
1.218000000000000000e+03 2.751748108669414827e-02
1.219000000000000000e+03 2.747399328062829008e-02
1.220000000000000000e+03 2.657495485125536613e-02
1.221000000000000000e+03 2.576715523933152327e-02
1.222000000000000000e+03 2.507800965569327231e-02
1.223000000000000000e+03 2.431229752692081955e-02
1.224000000000000000e+03 2.329734347851725521e-02
1.225000000000000000e+03 2.219564720513439449e-02
1.226000000000000000e+03 2.113224198389037495e-02
1.227000000000000000e+03 2.019089824335713879e-02
1.228000000000000000e+03 1.957427382754463319e-02
1.229000000000000000e+03 1.911616596564945716e-02
1.230000000000000000e+03 1.890032952710006195e-02
1.231000000000000000e+03 1.902058614716553575e-02
1.232000000000000000e+03 1.937931775956424491e-02
1.233000000000000000e+03 1.922556230355608811e-02
1.234000000000000000e+03 1.867039650454505734e-02
1.235000000000000000e+03 1.891532854142831746e-02
1.236000000000000000e+03 1.978455565186665321e-02
1.237000000000000000e+03 1.997336585816689158e-02
1.238000000000000000e+03 1.952655393444839571e-02
1.239000000000000000e+03 1.936495667011924049e-02
1.240000000000000000e+03 1.944830700181684330e-02
1.241000000000000000e+03 1.941796667200345120e-02
1.242000000000000000e+03 1.953889233523917190e-02
1.243000000000000000e+03 2.010300464175927837e-02
1.244000000000000000e+03 2.099908683386833563e-02
1.245000000000000000e+03 2.195768566453646514e-02
1.246000000000000000e+03 2.291710912980977899e-02
1.247000000000000000e+03 2.440588577503750162e-02
1.248000000000000000e+03 2.526534174336157387e-02
1.249000000000000000e+03 2.498149628859970897e-02
1.250000000000000000e+03 2.405838786424149139e-02
1.251000000000000000e+03 2.356475847774941457e-02
1.252000000000000000e+03 2.266768050045674110e-02
1.253000000000000000e+03 2.104103428472828274e-02
1.254000000000000000e+03 1.968872688708683122e-02
1.255000000000000000e+03 1.928529385542972902e-02
1.256000000000000000e+03 1.934585004190855426e-02
1.257000000000000000e+03 1.953084825805275274e-02
1.258000000000000000e+03 1.958051304408574625e-02
1.259000000000000000e+03 1.936953105830649044e-02
1.260000000000000000e+03 1.984644992468596533e-02
1.261000000000000000e+03 2.106582000031429619e-02
1.262000000000000000e+03 2.192298877454474174e-02
1.263000000000000000e+03 2.208643757694968984e-02
1.264000000000000000e+03 2.227681925674282817e-02
1.265000000000000000e+03 2.230736185542163755e-02
1.266000000000000000e+03 2.178581936550123832e-02
1.267000000000000000e+03 2.082177483461019468e-02
1.268000000000000000e+03 1.975320397772615394e-02
1.269000000000000000e+03 1.915192087739877452e-02
1.270000000000000000e+03 1.947986094482276678e-02
1.271000000000000000e+03 2.036556518822129139e-02
1.272000000000000000e+03 2.055415756651261805e-02
1.273000000000000000e+03 2.019576825527077610e-02
1.274000000000000000e+03 1.950752510195517819e-02
1.275000000000000000e+03 1.919030528439858233e-02
1.276000000000000000e+03 2.017672386363406761e-02
1.277000000000000000e+03 2.107233928143829871e-02
1.278000000000000000e+03 2.048579068999978325e-02
1.279000000000000000e+03 1.977308856311154467e-02
1.280000000000000000e+03 1.996154090911141793e-02
1.281000000000000000e+03 2.037818365359496398e-02
1.282000000000000000e+03 2.067138015359675299e-02
1.283000000000000000e+03 2.076607310090151232e-02
1.284000000000000000e+03 2.060324666423633128e-02
1.285000000000000000e+03 2.080598230396374024e-02
1.286000000000000000e+03 2.150696839580095929e-02
1.287000000000000000e+03 2.218232857830349306e-02
1.288000000000000000e+03 2.270758970351896208e-02
1.289000000000000000e+03 2.365643295121632947e-02
1.290000000000000000e+03 2.487530513425284875e-02
1.291000000000000000e+03 2.625502774273080764e-02
1.292000000000000000e+03 2.741519527736429457e-02
1.293000000000000000e+03 2.865255172287173996e-02
1.294000000000000000e+03 2.915574998261265607e-02
1.295000000000000000e+03 2.854891226805790494e-02
1.296000000000000000e+03 2.726813025305857910e-02
1.297000000000000000e+03 2.678945320346427447e-02
1.298000000000000000e+03 2.663031428380718130e-02
1.299000000000000000e+03 2.588699176252266115e-02
1.300000000000000000e+03 2.548394770945290946e-02
1.301000000000000000e+03 2.593899042007976122e-02
1.302000000000000000e+03 2.667070582031772288e-02
1.303000000000000000e+03 2.709780430922926336e-02
1.304000000000000000e+03 2.723447582568095868e-02
1.305000000000000000e+03 2.704337842528709360e-02
1.306000000000000000e+03 2.697011041857363609e-02
1.307000000000000000e+03 2.725453156164478127e-02
1.308000000000000000e+03 2.787479681703489837e-02
1.309000000000000000e+03 2.861903732778556600e-02
1.310000000000000000e+03 2.887988636846323259e-02
1.311000000000000000e+03 2.855130837615598577e-02
1.312000000000000000e+03 2.855297320450984888e-02
1.313000000000000000e+03 2.877665145138024252e-02
1.314000000000000000e+03 2.847172335718394648e-02
1.315000000000000000e+03 2.800840318221826594e-02
1.316000000000000000e+03 2.835387840436004447e-02
1.317000000000000000e+03 2.903788947064526310e-02
1.318000000000000000e+03 2.913225567593664966e-02
1.319000000000000000e+03 2.887055088236680986e-02
1.320000000000000000e+03 2.867568816924738473e-02
1.321000000000000000e+03 2.860304252827368734e-02
1.322000000000000000e+03 2.870890694060717133e-02
1.323000000000000000e+03 2.928391064757310952e-02
1.324000000000000000e+03 3.044781237664516416e-02
1.325000000000000000e+03 3.131702392794000200e-02
1.326000000000000000e+03 3.138170328744475240e-02
1.327000000000000000e+03 3.143460437532450552e-02
1.328000000000000000e+03 3.177457166066939565e-02
1.329000000000000000e+03 3.230778350821032069e-02
1.330000000000000000e+03 3.283018175102289660e-02
1.331000000000000000e+03 3.292140500932848324e-02
1.332000000000000000e+03 3.248425531371978980e-02
1.333000000000000000e+03 3.203823690631948939e-02
1.334000000000000000e+03 3.169080123209745692e-02
1.335000000000000000e+03 3.145131489543710746e-02
1.336000000000000000e+03 3.142582901839386517e-02
1.337000000000000000e+03 3.158797085274531180e-02
1.338000000000000000e+03 3.160212967332488854e-02
1.339000000000000000e+03 3.089073451449015142e-02
1.340000000000000000e+03 3.017204211735670730e-02
1.341000000000000000e+03 3.019150660586775864e-02
1.342000000000000000e+03 3.035697809692692803e-02
1.343000000000000000e+03 3.016700095486463465e-02
1.344000000000000000e+03 2.988401125299494296e-02
1.345000000000000000e+03 2.962666301960343446e-02
1.346000000000000000e+03 2.976145187969234801e-02
1.347000000000000000e+03 3.034292819035180541e-02
1.348000000000000000e+03 3.054331439941161686e-02
1.349000000000000000e+03 3.025067802857561369e-02
1.350000000000000000e+03 3.043729439564319197e-02
1.351000000000000000e+03 3.094646736648582613e-02
1.352000000000000000e+03 3.080959358116870661e-02
1.353000000000000000e+03 3.042007042379528403e-02
1.354000000000000000e+03 3.102231819101929425e-02
1.355000000000000000e+03 3.194682693829197645e-02
1.356000000000000000e+03 3.210518790077436513e-02
1.357000000000000000e+03 3.181477648745800746e-02
1.358000000000000000e+03 3.160164733987657487e-02
1.359000000000000000e+03 3.169914093301026692e-02
1.360000000000000000e+03 3.236942883473373223e-02
1.361000000000000000e+03 3.321917589751752220e-02
1.362000000000000000e+03 3.388495164762771877e-02
1.363000000000000000e+03 3.418942852666269350e-02
1.364000000000000000e+03 3.407962765102521413e-02
1.365000000000000000e+03 3.469376260387867922e-02
1.366000000000000000e+03 3.613094512928014673e-02
1.367000000000000000e+03 3.732579399476185916e-02
1.368000000000000000e+03 3.817330054088250574e-02
1.369000000000000000e+03 3.989560437081235422e-02
1.370000000000000000e+03 4.204777621719568703e-02
1.371000000000000000e+03 4.422711432811961968e-02
1.372000000000000000e+03 4.678634448659416134e-02
1.373000000000000000e+03 5.094782412379850189e-02
1.374000000000000000e+03 5.639588933652545100e-02
1.375000000000000000e+03 6.362945962005504830e-02
1.376000000000000000e+03 7.066952083594922607e-02
1.377000000000000000e+03 7.678501106799673348e-02
1.378000000000000000e+03 7.870840126844361184e-02
1.379000000000000000e+03 7.540121196392332581e-02
1.380000000000000000e+03 6.936664483718835150e-02
1.381000000000000000e+03 6.277488922278810779e-02
1.382000000000000000e+03 5.585979904743811758e-02
1.383000000000000000e+03 5.058111067078734785e-02
1.384000000000000000e+03 4.586746814926633692e-02
1.385000000000000000e+03 4.338916109610431449e-02
1.386000000000000000e+03 4.092425046549067608e-02
1.387000000000000000e+03 3.980951562985979991e-02
1.388000000000000000e+03 3.902835327159776685e-02
1.389000000000000000e+03 3.864973707381366697e-02
1.390000000000000000e+03 3.717690855066733968e-02
1.391000000000000000e+03 3.583304976794315228e-02
1.392000000000000000e+03 3.523878384133159042e-02
1.393000000000000000e+03 3.480539945844845356e-02
1.394000000000000000e+03 3.409822082750060129e-02
1.395000000000000000e+03 3.390794806171192055e-02
1.396000000000000000e+03 3.438444683121705259e-02
1.397000000000000000e+03 3.449364090025826279e-02
1.398000000000000000e+03 3.410786749646690930e-02
1.399000000000000000e+03 3.398387668196285738e-02
1.400000000000000000e+03 3.410752519531003862e-02
1.401000000000000000e+03 3.410785193732340792e-02
1.402000000000000000e+03 3.394434089834448554e-02
1.403000000000000000e+03 3.349363918875248453e-02
1.404000000000000000e+03 3.318125826482253710e-02
1.405000000000000000e+03 3.347227648473515699e-02
1.406000000000000000e+03 3.384536918657887056e-02
1.407000000000000000e+03 3.378649338759739940e-02
1.408000000000000000e+03 3.367565004934582745e-02
1.409000000000000000e+03 3.369531680672230300e-02
1.410000000000000000e+03 3.364940177427137163e-02
1.411000000000000000e+03 3.361903032617099413e-02
1.412000000000000000e+03 3.429510622927425118e-02
1.413000000000000000e+03 3.558130282620950574e-02
1.414000000000000000e+03 3.673095237984101702e-02
1.415000000000000000e+03 3.726976551903980056e-02
1.416000000000000000e+03 3.725398854753684402e-02
1.417000000000000000e+03 3.689072922438136476e-02
1.418000000000000000e+03 3.714834196321226828e-02
1.419000000000000000e+03 3.763677459577734197e-02
1.420000000000000000e+03 3.806950549463372635e-02
1.421000000000000000e+03 3.818618351169558028e-02
1.422000000000000000e+03 3.781811641320043799e-02
1.423000000000000000e+03 3.797706862313560833e-02
1.424000000000000000e+03 3.902654841095246074e-02
1.425000000000000000e+03 4.009888458056205113e-02
1.426000000000000000e+03 4.068031421379103563e-02
1.427000000000000000e+03 4.059274735420654451e-02
1.428000000000000000e+03 4.006431216371828669e-02
1.429000000000000000e+03 4.043304830538366895e-02
1.430000000000000000e+03 4.132471170074041716e-02
1.431000000000000000e+03 4.183673199484245347e-02
1.432000000000000000e+03 4.255884740354459045e-02
1.433000000000000000e+03 4.430475445415490293e-02
1.434000000000000000e+03 4.557487845586080666e-02
1.435000000000000000e+03 4.550165712657783246e-02
1.436000000000000000e+03 4.544387046764094412e-02
1.437000000000000000e+03 4.606041708773599141e-02
1.438000000000000000e+03 4.629232612151473053e-02
1.439000000000000000e+03 4.594672642622499303e-02
1.440000000000000000e+03 4.573664687076840069e-02
1.441000000000000000e+03 4.558827487840918374e-02
1.442000000000000000e+03 4.498542030458890784e-02
1.443000000000000000e+03 4.424201998758691551e-02
1.444000000000000000e+03 4.380890011014317714e-02
1.445000000000000000e+03 4.351763294393464626e-02
1.446000000000000000e+03 4.291695665020354294e-02
1.447000000000000000e+03 4.233579152241395693e-02
1.448000000000000000e+03 4.190746386116638023e-02
1.449000000000000000e+03 4.133841930615866911e-02
1.450000000000000000e+03 4.064348572114063335e-02
1.451000000000000000e+03 4.072985452667607364e-02
1.452000000000000000e+03 4.143370350091620663e-02
1.453000000000000000e+03 4.058722385826616513e-02
1.454000000000000000e+03 3.892712548402550016e-02
1.455000000000000000e+03 3.916157065819378391e-02
1.456000000000000000e+03 4.023594507560110389e-02
1.457000000000000000e+03 3.971444926311118451e-02
1.458000000000000000e+03 3.867095974553954457e-02
1.459000000000000000e+03 3.813329798295931466e-02
1.460000000000000000e+03 3.755908779231157540e-02
1.461000000000000000e+03 3.675718509577197146e-02
1.462000000000000000e+03 3.661592363198953870e-02
1.463000000000000000e+03 3.725361512809297754e-02
1.464000000000000000e+03 3.709153553031551559e-02
1.465000000000000000e+03 3.611155843648656411e-02
1.466000000000000000e+03 3.567876530105620198e-02
1.467000000000000000e+03 3.560593295036058176e-02
1.468000000000000000e+03 3.478276090466460996e-02
1.469000000000000000e+03 3.396550133349639233e-02
1.470000000000000000e+03 3.382744505327373030e-02
1.471000000000000000e+03 3.393578336942276730e-02
1.472000000000000000e+03 3.378327264489413423e-02
1.473000000000000000e+03 3.322017168270114534e-02
1.474000000000000000e+03 3.223202603853782267e-02
1.475000000000000000e+03 3.158359873342347912e-02
1.476000000000000000e+03 3.152550089161671593e-02
1.477000000000000000e+03 3.142380632973963694e-02
1.478000000000000000e+03 3.131803527226711958e-02
1.479000000000000000e+03 3.126143110823578070e-02
1.480000000000000000e+03 3.105947342568307276e-02
1.481000000000000000e+03 3.014367779876706357e-02
1.482000000000000000e+03 2.980148555590252449e-02
1.483000000000000000e+03 3.105804198448161926e-02
1.484000000000000000e+03 3.179775478447552373e-02
1.485000000000000000e+03 3.091093028274542395e-02
1.486000000000000000e+03 3.007655565373375250e-02
1.487000000000000000e+03 2.996118460472540698e-02
1.488000000000000000e+03 3.034698912680375282e-02
1.489000000000000000e+03 3.108537939960065791e-02
1.490000000000000000e+03 3.159539256419197084e-02
1.491000000000000000e+03 3.181844844532260436e-02
1.492000000000000000e+03 3.215345236389289402e-02
1.493000000000000000e+03 3.223717611503434943e-02
1.494000000000000000e+03 3.199979026274570038e-02
1.495000000000000000e+03 3.186721080103294135e-02
1.496000000000000000e+03 3.209827964106300863e-02
1.497000000000000000e+03 3.177412044550807085e-02
1.498000000000000000e+03 3.075330060000724952e-02
1.499000000000000000e+03 2.985429328892131445e-02
1.500000000000000000e+03 2.931775178467265625e-02
1.501000000000000000e+03 2.859442276277798442e-02
1.502000000000000000e+03 2.817760886771600651e-02
1.503000000000000000e+03 2.826864541629966684e-02
1.504000000000000000e+03 2.838295844355041841e-02
1.505000000000000000e+03 2.777055055562479419e-02
1.506000000000000000e+03 2.744489768229442517e-02
1.507000000000000000e+03 2.789732645681427745e-02
1.508000000000000000e+03 2.811647699292790098e-02
1.509000000000000000e+03 2.784504773467428099e-02
1.510000000000000000e+03 2.764922035465822853e-02
1.511000000000000000e+03 2.742420402144734454e-02
1.512000000000000000e+03 2.650131342509804908e-02
1.513000000000000000e+03 2.589561152801836061e-02
1.514000000000000000e+03 2.702593662543027048e-02
1.515000000000000000e+03 2.820416832566034412e-02
1.516000000000000000e+03 2.783015763435048306e-02
1.517000000000000000e+03 2.696021480331142403e-02
1.518000000000000000e+03 2.629154505251133159e-02
1.519000000000000000e+03 2.652905537794793267e-02
1.520000000000000000e+03 2.762830886580222925e-02
1.521000000000000000e+03 2.809145789018947792e-02
1.522000000000000000e+03 2.782468081584057659e-02
1.523000000000000000e+03 2.746996346246333154e-02
1.524000000000000000e+03 2.710429247206628048e-02
1.525000000000000000e+03 2.696055710446829123e-02
1.526000000000000000e+03 2.711521499079910108e-02
1.527000000000000000e+03 2.751833683958631802e-02
1.528000000000000000e+03 2.752630312105527194e-02
1.529000000000000000e+03 2.698117296959789968e-02
1.530000000000000000e+03 2.686989397532849044e-02
1.531000000000000000e+03 2.724471374210003793e-02
1.532000000000000000e+03 2.746725617149536891e-02
1.533000000000000000e+03 2.741521083650778901e-02
1.534000000000000000e+03 2.697778107631619918e-02
1.535000000000000000e+03 2.663081217639898940e-02
1.536000000000000000e+03 2.687224340599609143e-02
1.537000000000000000e+03 2.723254649188769708e-02
1.538000000000000000e+03 2.737340341793928836e-02
1.539000000000000000e+03 2.707471454028410190e-02
1.540000000000000000e+03 2.638742049472163689e-02
1.541000000000000000e+03 2.588560699875169097e-02
1.542000000000000000e+03 2.571229369937151968e-02
1.543000000000000000e+03 2.548153604221133420e-02
1.544000000000000000e+03 2.560526235127598069e-02
1.545000000000000000e+03 2.630379009844114463e-02
1.546000000000000000e+03 2.687101423366005867e-02
1.547000000000000000e+03 2.676486975674368177e-02
1.548000000000000000e+03 2.674893719380578086e-02
1.549000000000000000e+03 2.702781928179304877e-02
1.550000000000000000e+03 2.717329727346237331e-02
1.551000000000000000e+03 2.710625292414653095e-02
1.552000000000000000e+03 2.701636775218143119e-02
1.553000000000000000e+03 2.682625057782769135e-02
1.554000000000000000e+03 2.639165258175201617e-02
1.555000000000000000e+03 2.623937524437579966e-02
1.556000000000000000e+03 2.668340208140886072e-02
1.557000000000000000e+03 2.749675630756007877e-02
1.558000000000000000e+03 2.828470245238551978e-02
1.559000000000000000e+03 2.822038095318113796e-02
1.560000000000000000e+03 2.762272313328786866e-02
1.561000000000000000e+03 2.884579628506778182e-02
1.562000000000000000e+03 3.048036210483470732e-02
1.563000000000000000e+03 2.990777006511034786e-02
1.564000000000000000e+03 2.881984363371971336e-02
1.565000000000000000e+03 2.902870957598377780e-02
1.566000000000000000e+03 2.957819628761948136e-02
1.567000000000000000e+03 3.003711322497634728e-02
1.568000000000000000e+03 3.059447286322003814e-02
1.569000000000000000e+03 3.114455082230851643e-02
1.570000000000000000e+03 3.174130621187912227e-02
1.571000000000000000e+03 3.252925235670457021e-02
1.572000000000000000e+03 3.427894027918393371e-02
1.573000000000000000e+03 3.586813563652222620e-02
1.574000000000000000e+03 3.652894801985782230e-02
1.575000000000000000e+03 3.735783027121609978e-02
1.576000000000000000e+03 3.898162916368514558e-02
1.577000000000000000e+03 4.133566533776021623e-02
1.578000000000000000e+03 4.404378094032928431e-02
1.579000000000000000e+03 4.668880421602999986e-02
1.580000000000000000e+03 4.929653222477547309e-02
1.581000000000000000e+03 5.370916755626069933e-02
1.582000000000000000e+03 5.791839820484825929e-02
1.583000000000000000e+03 6.095350476708818327e-02
1.584000000000000000e+03 6.204908629707787948e-02
1.585000000000000000e+03 6.121205105452872525e-02
1.586000000000000000e+03 5.924187450959524093e-02
1.587000000000000000e+03 5.661948978767837592e-02
1.588000000000000000e+03 5.300329589336634506e-02
1.589000000000000000e+03 4.963366774600445203e-02
1.590000000000000000e+03 4.660791222900445563e-02
1.591000000000000000e+03 4.507891519784462675e-02
1.592000000000000000e+03 4.468316838307358208e-02
1.593000000000000000e+03 4.509615472883602566e-02
1.594000000000000000e+03 4.574998105674279308e-02
1.595000000000000000e+03 4.718451852775027572e-02
1.596000000000000000e+03 4.932839735065128184e-02
1.597000000000000000e+03 5.193629650997520081e-02
1.598000000000000000e+03 5.550089628446097656e-02
1.599000000000000000e+03 6.125471422598940258e-02
1.600000000000000000e+03 6.837921491362573823e-02
1.601000000000000000e+03 7.606169760524554568e-02
1.602000000000000000e+03 8.159014135326272954e-02
1.603000000000000000e+03 8.298792812733726820e-02
1.604000000000000000e+03 8.179746694032087595e-02
1.605000000000000000e+03 7.774206954345894149e-02
1.606000000000000000e+03 7.234346684789956516e-02
1.607000000000000000e+03 6.618856530538164140e-02
1.608000000000000000e+03 5.889079799579560737e-02
1.609000000000000000e+03 5.281501469794489673e-02
1.610000000000000000e+03 4.885342337720856298e-02
1.611000000000000000e+03 4.562504113448561521e-02
1.612000000000000000e+03 4.320763256895929216e-02
1.613000000000000000e+03 4.153135268548482917e-02
1.614000000000000000e+03 4.085406316918903380e-02
1.615000000000000000e+03 3.928529696725842346e-02
1.616000000000000000e+03 3.776379944326272581e-02
1.617000000000000000e+03 3.651181740287087751e-02
1.618000000000000000e+03 3.535513511638006118e-02
1.619000000000000000e+03 3.416621428456957654e-02
1.620000000000000000e+03 3.359555157863847868e-02
1.621000000000000000e+03 3.353858955430677469e-02
1.622000000000000000e+03 3.228850572942119912e-02
1.623000000000000000e+03 3.078614595192318004e-02
1.624000000000000000e+03 3.044549406426455204e-02
1.625000000000000000e+03 3.037947661841932170e-02
1.626000000000000000e+03 2.954964525930790786e-02
1.627000000000000000e+03 2.842246310888179792e-02
1.628000000000000000e+03 2.736906241690445149e-02
1.629000000000000000e+03 2.660778464402780222e-02
1.630000000000000000e+03 2.628462123365648065e-02
1.631000000000000000e+03 2.564716312470544449e-02
1.632000000000000000e+03 2.514328026265079050e-02
1.633000000000000000e+03 2.491621012249869288e-02
1.634000000000000000e+03 2.467361195713953931e-02
1.635000000000000000e+03 2.420481496366395230e-02
1.636000000000000000e+03 2.416887334219270864e-02
1.637000000000000000e+03 2.450224355069612406e-02
1.638000000000000000e+03 2.416650835238161321e-02
1.639000000000000000e+03 2.350067036569744236e-02
1.640000000000000000e+03 2.326129294304155395e-02
1.641000000000000000e+03 2.314125415098499533e-02
1.642000000000000000e+03 2.284424566082716643e-02
1.643000000000000000e+03 2.263127210468067127e-02
1.644000000000000000e+03 2.256797750894689453e-02
1.645000000000000000e+03 2.242424214134890875e-02
1.646000000000000000e+03 2.219147735467798949e-02
1.647000000000000000e+03 2.173397629937908263e-02
1.648000000000000000e+03 2.159756928836678580e-02
1.649000000000000000e+03 2.229421437916916798e-02
1.650000000000000000e+03 2.265943415440489772e-02
1.651000000000000000e+03 2.210932507702943056e-02
1.652000000000000000e+03 2.199250702767614057e-02
1.653000000000000000e+03 2.231568599719095311e-02
1.654000000000000000e+03 2.202157150772301314e-02
1.655000000000000000e+03 2.130603761671885990e-02
1.656000000000000000e+03 2.058294198197660116e-02
1.657000000000000000e+03 2.020703307516046390e-02
1.658000000000000000e+03 2.035730328302595704e-02
1.659000000000000000e+03 2.046106721098774062e-02
1.660000000000000000e+03 2.040245591744567488e-02
1.661000000000000000e+03 2.067259376678928784e-02
1.662000000000000000e+03 2.092704799949090394e-02
1.663000000000000000e+03 2.048529279740797168e-02
1.664000000000000000e+03 1.985124214088213046e-02
1.665000000000000000e+03 1.952093708364704278e-02
1.666000000000000000e+03 1.999687572398639590e-02
1.667000000000000000e+03 2.109575579239683987e-02
1.668000000000000000e+03 2.111831655046320089e-02
1.669000000000000000e+03 2.013449634819122411e-02
1.670000000000000000e+03 1.957402488124872567e-02
1.671000000000000000e+03 1.927482255185823667e-02
1.672000000000000000e+03 1.901238647854417568e-02
1.673000000000000000e+03 1.917110530132692947e-02
1.674000000000000000e+03 1.965821540669500725e-02
1.675000000000000000e+03 1.927127506714159527e-02
1.676000000000000000e+03 1.833058481063511158e-02
1.677000000000000000e+03 1.828151127205489279e-02
1.678000000000000000e+03 1.871556469810827308e-02
1.679000000000000000e+03 1.880610335410012185e-02
1.680000000000000000e+03 1.890524621644417910e-02
1.681000000000000000e+03 1.904523183046010620e-02
1.682000000000000000e+03 1.870188821097700654e-02
1.683000000000000000e+03 1.813877168964051975e-02
1.684000000000000000e+03 1.839641554675841562e-02
1.685000000000000000e+03 1.897498229758448965e-02
1.686000000000000000e+03 1.901045714475091408e-02
1.687000000000000000e+03 1.851418270386484544e-02
1.688000000000000000e+03 1.763331735409296580e-02
1.689000000000000000e+03 1.709136126790838234e-02
1.690000000000000000e+03 1.717044839428861006e-02
1.691000000000000000e+03 1.740313538524206061e-02
1.692000000000000000e+03 1.766104374779935149e-02
1.693000000000000000e+03 1.766035914548561708e-02
1.694000000000000000e+03 1.731018506200863311e-02
1.695000000000000000e+03 1.668377394493836957e-02
1.696000000000000000e+03 1.631425984609828628e-02
1.697000000000000000e+03 1.640134437223445679e-02
1.698000000000000000e+03 1.656832510021255533e-02
1.699000000000000000e+03 1.669528771112396143e-02
1.700000000000000000e+03 1.653271022075468097e-02
1.701000000000000000e+03 1.633647830300778703e-02
1.702000000000000000e+03 1.630220150989040301e-02
1.703000000000000000e+03 1.639266237016477959e-02
1.704000000000000000e+03 1.650008269684766909e-02
1.705000000000000000e+03 1.619851537764608815e-02
1.706000000000000000e+03 1.589662131643112403e-02
1.707000000000000000e+03 1.619635265670041346e-02
1.708000000000000000e+03 1.667120215699518029e-02
1.709000000000000000e+03 1.694404729730675935e-02
1.710000000000000000e+03 1.682652908649623358e-02
1.711000000000000000e+03 1.633794086249622593e-02
1.712000000000000000e+03 1.592829973258499954e-02
1.713000000000000000e+03 1.561601216351601699e-02
1.714000000000000000e+03 1.522525516606351714e-02
1.715000000000000000e+03 1.535028999909601385e-02
1.716000000000000000e+03 1.611223992697160406e-02
1.717000000000000000e+03 1.601830937769805133e-02
1.718000000000000000e+03 1.519196482264365856e-02
1.719000000000000000e+03 1.540901331847123988e-02
1.720000000000000000e+03 1.615137117285913096e-02
1.721000000000000000e+03 1.657353741328305638e-02
1.722000000000000000e+03 1.648682630659074541e-02
1.723000000000000000e+03 1.582227972881657813e-02
1.724000000000000000e+03 1.491654308816946391e-02
1.725000000000000000e+03 1.438507853244291347e-02
1.726000000000000000e+03 1.517955640570715740e-02
1.727000000000000000e+03 1.622748650283199756e-02
1.728000000000000000e+03 1.595898236355525884e-02
1.729000000000000000e+03 1.561996418596350508e-02
1.730000000000000000e+03 1.571065843339029475e-02
1.731000000000000000e+03 1.525842725999282043e-02
1.732000000000000000e+03 1.467902342724676686e-02
1.733000000000000000e+03 1.527964215214695255e-02
1.734000000000000000e+03 1.585864144716216118e-02
1.735000000000000000e+03 1.517392243984796128e-02
1.736000000000000000e+03 1.441520881381913415e-02
1.737000000000000000e+03 1.419781490500598466e-02
1.738000000000000000e+03 1.470070353779137119e-02
1.739000000000000000e+03 1.552802520705719169e-02
1.740000000000000000e+03 1.575901625136978679e-02
1.741000000000000000e+03 1.547544152570471711e-02
1.742000000000000000e+03 1.496562440632143165e-02
1.743000000000000000e+03 1.439983638004701735e-02
1.744000000000000000e+03 1.407098299089992385e-02
1.745000000000000000e+03 1.411226451041832503e-02
1.746000000000000000e+03 1.432973621494894496e-02
1.747000000000000000e+03 1.412776764099579058e-02
1.748000000000000000e+03 1.384390818300477999e-02
1.749000000000000000e+03 1.369051992278308254e-02
1.750000000000000000e+03 1.347369703453616362e-02
1.751000000000000000e+03 1.338758339895402237e-02
1.752000000000000000e+03 1.404370158869746449e-02
1.753000000000000000e+03 1.450566189452176524e-02
1.754000000000000000e+03 1.359911462249861411e-02
1.755000000000000000e+03 1.306593078141597350e-02
1.756000000000000000e+03 1.365276721700913083e-02
1.757000000000000000e+03 1.402357116884486894e-02
1.758000000000000000e+03 1.400677974118609559e-02
1.759000000000000000e+03 1.394726601732137160e-02
1.760000000000000000e+03 1.363870953086226100e-02
1.761000000000000000e+03 1.308019540417131206e-02
1.762000000000000000e+03 1.290556424533719632e-02
1.763000000000000000e+03 1.327269312747964176e-02
1.764000000000000000e+03 1.350939593336890170e-02
1.765000000000000000e+03 1.353225853881905201e-02
1.766000000000000000e+03 1.333587414146591120e-02
1.767000000000000000e+03 1.333476788636348519e-02
1.768000000000000000e+03 1.374701361689561162e-02
1.769000000000000000e+03 1.374537835091438689e-02
1.770000000000000000e+03 1.322426996109747448e-02
1.771000000000000000e+03 1.257508181386627656e-02
1.772000000000000000e+03 1.222507265731033292e-02
1.773000000000000000e+03 1.250507189180047156e-02
1.774000000000000000e+03 1.320890686281145365e-02
1.775000000000000000e+03 1.391071136559646204e-02
1.776000000000000000e+03 1.370935893372567278e-02
1.777000000000000000e+03 1.292055859192240905e-02
1.778000000000000000e+03 1.274609858366672691e-02
1.779000000000000000e+03 1.288902176397432875e-02
1.780000000000000000e+03 1.309496414317586066e-02
1.781000000000000000e+03 1.364860670203882353e-02
1.782000000000000000e+03 1.407669319656223821e-02
1.783000000000000000e+03 1.298694790129715018e-02
1.784000000000000000e+03 1.184921509566772869e-02
1.785000000000000000e+03 1.277809129451918345e-02
1.786000000000000000e+03 1.379898737982312128e-02
1.787000000000000000e+03 1.389674081065315862e-02
1.788000000000000000e+03 1.393768936450078683e-02
1.789000000000000000e+03 1.373872370524198416e-02
1.790000000000000000e+03 1.294058476551359499e-02
1.791000000000000000e+03 1.260574888569303970e-02
1.792000000000000000e+03 1.345525633766702159e-02
1.793000000000000000e+03 1.340438727392758919e-02
1.794000000000000000e+03 1.227115261668229595e-02
1.795000000000000000e+03 1.190745763750898807e-02
1.796000000000000000e+03 1.214060984685290563e-02
1.797000000000000000e+03 1.237793190665322993e-02
1.798000000000000000e+03 1.266072089557185136e-02
1.799000000000000000e+03 1.278983689194283790e-02
1.800000000000000000e+03 1.232871366803851669e-02
1.801000000000000000e+03 1.166295192115746407e-02
1.802000000000000000e+03 1.176425128078979407e-02
1.803000000000000000e+03 1.207907654616265612e-02
1.804000000000000000e+03 1.208772742994534619e-02
1.805000000000000000e+03 1.227392525605293383e-02
1.806000000000000000e+03 1.252062481163711792e-02
1.807000000000000000e+03 1.228494890921846654e-02
1.808000000000000000e+03 1.195564741673874401e-02
1.809000000000000000e+03 1.207747862212581874e-02
1.810000000000000000e+03 1.227410107437441715e-02
1.811000000000000000e+03 1.233697868506255374e-02
1.812000000000000000e+03 1.213750112998279555e-02
1.813000000000000000e+03 1.189983832493995454e-02
1.814000000000000000e+03 1.209220535144293028e-02
1.815000000000000000e+03 1.225890912666683166e-02
1.816000000000000000e+03 1.209064788117917774e-02
1.817000000000000000e+03 1.178932328461609891e-02
1.818000000000000000e+03 1.149444795303130283e-02
1.819000000000000000e+03 1.126169716958952925e-02
1.820000000000000000e+03 1.136124145783573222e-02
1.821000000000000000e+03 1.184663227784771636e-02
1.822000000000000000e+03 1.214704355268769395e-02
1.823000000000000000e+03 1.199081730469268338e-02
1.824000000000000000e+03 1.146088065685724883e-02
1.825000000000000000e+03 1.090936814473862128e-02
1.826000000000000000e+03 1.079327048372910255e-02
1.827000000000000000e+03 1.132206042268902799e-02
1.828000000000000000e+03 1.224875678553696834e-02
1.829000000000000000e+03 1.210523457820484455e-02
1.830000000000000000e+03 1.136108586640079132e-02
1.831000000000000000e+03 1.163051888654412572e-02
1.832000000000000000e+03 1.211008436323193944e-02
1.833000000000000000e+03 1.225084015485081862e-02
1.834000000000000000e+03 1.200547401786407516e-02
1.835000000000000000e+03 1.152625551007617835e-02
1.836000000000000000e+03 1.135507848109774259e-02
1.837000000000000000e+03 1.131401634550260535e-02
1.838000000000000000e+03 1.119407402013570911e-02
1.839000000000000000e+03 1.137862724477597780e-02
1.840000000000000000e+03 1.167273862241521853e-02
1.841000000000000000e+03 1.105453339762371354e-02
1.842000000000000000e+03 1.064232345312162223e-02
1.843000000000000000e+03 1.173946400928943187e-02
1.844000000000000000e+03 1.209051874028817773e-02
1.845000000000000000e+03 1.115188384663725642e-02
1.846000000000000000e+03 1.122688203010725402e-02
1.847000000000000000e+03 1.167241810405924077e-02
1.848000000000000000e+03 1.106346279007494604e-02
1.849000000000000000e+03 1.066711072462198616e-02
1.850000000000000000e+03 1.106766687064703741e-02
1.851000000000000000e+03 1.152664293274918011e-02
1.852000000000000000e+03 1.166484235709198958e-02
1.853000000000000000e+03 1.110142398837171696e-02
1.854000000000000000e+03 1.042578840902934519e-02
1.855000000000000000e+03 1.025762829797440163e-02
1.856000000000000000e+03 1.071174057182030549e-02
1.857000000000000000e+03 1.139381608065486579e-02
1.858000000000000000e+03 1.109612921184069401e-02
1.859000000000000000e+03 1.083018455166872597e-02
1.860000000000000000e+03 1.142498882464518598e-02
1.861000000000000000e+03 1.137270387884779625e-02
1.862000000000000000e+03 1.065579611547311581e-02
1.863000000000000000e+03 1.054079692999427935e-02
1.864000000000000000e+03 1.064346860608278433e-02
1.865000000000000000e+03 1.047094882302081198e-02
1.866000000000000000e+03 1.063425448130561092e-02
1.867000000000000000e+03 1.116814937524593029e-02
1.868000000000000000e+03 1.160137349895108000e-02
1.869000000000000000e+03 1.166460585811088073e-02
1.870000000000000000e+03 1.124790710071075714e-02
1.871000000000000000e+03 1.109283689707735512e-02
1.872000000000000000e+03 1.140076323822495664e-02
1.873000000000000000e+03 1.136346330352668195e-02
1.874000000000000000e+03 1.099795412822196852e-02
1.875000000000000000e+03 1.047066564660921809e-02
1.876000000000000000e+03 1.022990968383976143e-02
1.877000000000000000e+03 1.044803954014018009e-02
1.878000000000000000e+03 1.056526523905301426e-02
1.879000000000000000e+03 1.060560543039002629e-02
1.880000000000000000e+03 1.069271329524143846e-02
1.881000000000000000e+03 1.068915958686739859e-02
1.882000000000000000e+03 1.054913196316403963e-02
1.883000000000000000e+03 1.027149149482759621e-02
1.884000000000000000e+03 1.019823904725762967e-02
1.885000000000000000e+03 1.091795990377603283e-02
1.886000000000000000e+03 1.104791298206699891e-02
1.887000000000000000e+03 1.002964172427050701e-02
1.888000000000000000e+03 9.834554959484768238e-03
1.889000000000000000e+03 1.045890915778511891e-02
1.890000000000000000e+03 1.096086113013216429e-02
1.891000000000000000e+03 1.114503471167117843e-02
1.892000000000000000e+03 1.087758703823768491e-02
1.893000000000000000e+03 1.080765024414630064e-02
1.894000000000000000e+03 1.087358211470231678e-02
1.895000000000000000e+03 1.060269742647098820e-02
1.896000000000000000e+03 1.048592449863382930e-02
1.897000000000000000e+03 1.078424773641690690e-02
1.898000000000000000e+03 1.110334709850758182e-02
1.899000000000000000e+03 1.117146502872451257e-02
1.900000000000000000e+03 1.068796775647575491e-02
1.901000000000000000e+03 1.047591685753846043e-02
1.902000000000000000e+03 1.103490864993467505e-02
1.903000000000000000e+03 1.067658624300986056e-02
1.904000000000000000e+03 9.677787253296165487e-03
1.905000000000000000e+03 9.469238717559381319e-03
1.906000000000000000e+03 9.855958117275177149e-03
1.907000000000000000e+03 1.045475797830090758e-02
1.908000000000000000e+03 1.068102682256306078e-02
1.909000000000000000e+03 1.040906699751629333e-02
1.910000000000000000e+03 1.013995916347198642e-02
1.911000000000000000e+03 9.680712372273046762e-03
1.912000000000000000e+03 9.138613141968315867e-03
1.913000000000000000e+03 9.424307022977277890e-03
1.914000000000000000e+03 1.026903470606988639e-02
1.915000000000000000e+03 1.039158163205768613e-02
1.916000000000000000e+03 1.019691340823193799e-02
1.917000000000000000e+03 1.007937652644922202e-02
1.918000000000000000e+03 1.027300851131826565e-02
1.919000000000000000e+03 1.053410183054879178e-02
1.920000000000000000e+03 1.023471590326507051e-02
1.921000000000000000e+03 9.649592529370606617e-03
1.922000000000000000e+03 9.181841110337821826e-03
1.923000000000000000e+03 9.584345261128328353e-03
1.924000000000000000e+03 1.049334154233744036e-02
1.925000000000000000e+03 1.068724581221762969e-02
1.926000000000000000e+03 1.048603963629568536e-02
1.927000000000000000e+03 1.021652882043488225e-02
1.928000000000000000e+03 1.021440499734794366e-02
1.929000000000000000e+03 1.027096092803444875e-02
1.930000000000000000e+03 9.726199528277888057e-03
1.931000000000000000e+03 9.304406707297815243e-03
1.932000000000000000e+03 9.417342750349342109e-03
1.933000000000000000e+03 9.427958753955328897e-03
1.934000000000000000e+03 9.383321127185262345e-03
1.935000000000000000e+03 9.458092147160247071e-03
1.936000000000000000e+03 9.523344083145573319e-03
1.937000000000000000e+03 9.502956937425326503e-03
1.938000000000000000e+03 9.452904728719331226e-03
1.939000000000000000e+03 9.365207172329494817e-03
1.940000000000000000e+03 9.223771446139925750e-03
1.941000000000000000e+03 9.316818236063013903e-03
1.942000000000000000e+03 9.604796199336901666e-03
1.943000000000000000e+03 9.257576797209437353e-03
1.944000000000000000e+03 8.844193693287894301e-03
1.945000000000000000e+03 9.264748006445843592e-03
1.946000000000000000e+03 9.740089175675021790e-03
1.947000000000000000e+03 9.903362159758484842e-03
1.948000000000000000e+03 1.003355484885925727e-02
1.949000000000000000e+03 9.759948866430822115e-03
1.950000000000000000e+03 8.881741018367724297e-03
1.951000000000000000e+03 8.583970130178685334e-03
1.952000000000000000e+03 9.211526400210110974e-03
1.953000000000000000e+03 1.008412362112925433e-02
1.954000000000000000e+03 1.038506079501933139e-02
1.955000000000000000e+03 9.495684593756209893e-03
1.956000000000000000e+03 9.079195884793255997e-03
1.957000000000000000e+03 9.400202797876301350e-03
1.958000000000000000e+03 9.449477049407592130e-03
1.959000000000000000e+03 9.164909650387600276e-03
1.960000000000000000e+03 8.564385836262731685e-03
1.961000000000000000e+03 8.120150506706847945e-03
1.962000000000000000e+03 8.157570246810026682e-03
1.963000000000000000e+03 8.760502616347774774e-03
1.964000000000000000e+03 8.925899423518174683e-03
1.965000000000000000e+03 8.121865124319890133e-03
1.966000000000000000e+03 7.833631991092701585e-03
1.967000000000000000e+03 7.823392518759270109e-03
1.968000000000000000e+03 6.918234678250138013e-03
1.969000000000000000e+03 6.692765573963577880e-03
1.970000000000000000e+03 7.617142068516555634e-03
1.971000000000000000e+03 8.082284219185388932e-03
1.972000000000000000e+03 7.894563152929731653e-03
1.973000000000000000e+03 7.262673661435216366e-03
1.974000000000000000e+03 6.962565789893371618e-03
1.975000000000000000e+03 7.256960343944201912e-03
1.976000000000000000e+03 7.405228090042008382e-03
1.977000000000000000e+03 7.426475656397476394e-03
1.978000000000000000e+03 7.363728742514690298e-03
1.979000000000000000e+03 7.130579644999470237e-03
1.980000000000000000e+03 7.053701916995391841e-03
1.981000000000000000e+03 8.011785740013870061e-03
1.982000000000000000e+03 8.493012933226847666e-03
1.983000000000000000e+03 7.507845309128285440e-03
1.984000000000000000e+03 7.172926965847213447e-03
1.985000000000000000e+03 7.555401831217834797e-03
1.986000000000000000e+03 7.637417188403646494e-03
1.987000000000000000e+03 7.598724710362654393e-03
1.988000000000000000e+03 7.434620868016609402e-03
1.989000000000000000e+03 6.843567904536563759e-03
1.990000000000000000e+03 6.478416589532212840e-03
1.991000000000000000e+03 7.130134653495541312e-03
1.992000000000000000e+03 7.722550597945664237e-03
1.993000000000000000e+03 7.746675049933181463e-03
1.994000000000000000e+03 7.772406761443632905e-03
1.995000000000000000e+03 7.345375176849114687e-03
1.996000000000000000e+03 6.300059015831272272e-03
1.997000000000000000e+03 6.197265978423513628e-03
1.998000000000000000e+03 6.948196920876620851e-03
1.999000000000000000e+03 6.547533416761460758e-03
2.000000000000000000e+03 6.431843405311487086e-03
2.001000000000000000e+03 7.327696878011180984e-03
2.002000000000000000e+03 7.253820508787103827e-03
2.003000000000000000e+03 6.578930212418095461e-03
2.004000000000000000e+03 6.845139378029461985e-03
2.005000000000000000e+03 6.963026340540795847e-03
2.006000000000000000e+03 6.533041630511107582e-03
2.007000000000000000e+03 5.991704798237585013e-03
2.008000000000000000e+03 6.030507746197384319e-03
2.009000000000000000e+03 7.181903035728928394e-03
2.010000000000000000e+03 7.777760662719934368e-03
2.011000000000000000e+03 7.243075364290116162e-03
2.012000000000000000e+03 6.226699210171198623e-03
2.013000000000000000e+03 5.854259992354237524e-03
2.014000000000000000e+03 6.821224974479115320e-03
2.015000000000000000e+03 6.823314567450364937e-03
2.016000000000000000e+03 5.860119565794095174e-03
2.017000000000000000e+03 4.984387177460899987e-03
2.018000000000000000e+03 5.096024032030675201e-03
2.019000000000000000e+03 6.218815392162766603e-03
2.020000000000000000e+03 6.134220328985641804e-03
2.021000000000000000e+03 5.433364933953769779e-03
2.022000000000000000e+03 5.229208744425352905e-03
2.023000000000000000e+03 4.888141427635435236e-03
2.024000000000000000e+03 4.605414675290788948e-03
2.025000000000000000e+03 4.950177288660543434e-03
2.026000000000000000e+03 5.471201659102589536e-03
2.027000000000000000e+03 5.650433656667893517e-03
2.028000000000000000e+03 5.537287565179196958e-03
2.029000000000000000e+03 5.382929970317822457e-03
2.030000000000000000e+03 5.757612816626625322e-03
2.031000000000000000e+03 5.800342892404322312e-03
2.032000000000000000e+03 5.389914469832298924e-03
2.033000000000000000e+03 5.632680673941188598e-03
2.034000000000000000e+03 5.899449968718341840e-03
2.035000000000000000e+03 5.512711898030352338e-03
2.036000000000000000e+03 5.320032132743144314e-03
2.037000000000000000e+03 5.500690903766852942e-03
2.038000000000000000e+03 5.847690921971050726e-03
2.039000000000000000e+03 6.000666864890155140e-03
2.040000000000000000e+03 5.771961458756834536e-03
2.041000000000000000e+03 5.645275800599618664e-03
2.042000000000000000e+03 5.620314266692121898e-03
2.043000000000000000e+03 5.623318737300821504e-03
2.044000000000000000e+03 5.064113784638737958e-03
2.045000000000000000e+03 4.332519745720029951e-03
2.046000000000000000e+03 4.834776677279558656e-03
2.047000000000000000e+03 5.542643022369847169e-03
2.048000000000000000e+03 5.520636169811869200e-03
2.049000000000000000e+03 5.532042577907354819e-03
2.050000000000000000e+03 5.233828254128734814e-03
2.051000000000000000e+03 4.118122527943832850e-03
2.052000000000000000e+03 3.924062666628702623e-03
2.053000000000000000e+03 4.899032828081266965e-03
2.054000000000000000e+03 4.793017492055890068e-03
2.055000000000000000e+03 4.461484818399122712e-03
2.056000000000000000e+03 4.780630857920280946e-03
2.057000000000000000e+03 5.259402818289897474e-03
2.058000000000000000e+03 5.513450957346319875e-03
2.059000000000000000e+03 5.158711821168183650e-03
2.060000000000000000e+03 4.586233363191329765e-03
2.061000000000000000e+03 4.195247646329465681e-03
2.062000000000000000e+03 4.117825348303096739e-03
2.063000000000000000e+03 4.314310880088948787e-03
2.064000000000000000e+03 4.514132292239923794e-03
2.065000000000000000e+03 5.015449451532412103e-03
2.066000000000000000e+03 5.401562044651941376e-03
2.067000000000000000e+03 4.912290774252542867e-03
2.068000000000000000e+03 4.482657700865819508e-03
2.069000000000000000e+03 4.625448628453721241e-03
2.070000000000000000e+03 4.780056725525351144e-03
2.071000000000000000e+03 4.560308718301551816e-03
2.072000000000000000e+03 3.724225695334232745e-03
2.073000000000000000e+03 3.774553300880071662e-03
2.074000000000000000e+03 4.599267257696291154e-03
2.075000000000000000e+03 4.716219115683631738e-03
2.076000000000000000e+03 4.558121102726288461e-03
2.077000000000000000e+03 4.361486203162893982e-03
2.078000000000000000e+03 4.095829387145564354e-03
2.079000000000000000e+03 3.975305149811991096e-03
2.080000000000000000e+03 4.136508767810746084e-03
2.081000000000000000e+03 4.255380624105252300e-03
2.082000000000000000e+03 4.209695866978036514e-03
2.083000000000000000e+03 3.981749747047224133e-03
2.084000000000000000e+03 4.018862972023570790e-03
2.085000000000000000e+03 4.381198082055499758e-03
2.086000000000000000e+03 4.170212984447547316e-03
2.087000000000000000e+03 3.841432723274876282e-03
2.088000000000000000e+03 3.961575761592845378e-03
2.089000000000000000e+03 3.945903036351293240e-03
2.090000000000000000e+03 3.978343850536377943e-03
2.091000000000000000e+03 4.680672696457137058e-03
2.092000000000000000e+03 4.876470514100551129e-03
2.093000000000000000e+03 4.299963793873089191e-03
2.094000000000000000e+03 4.638991306950938920e-03
2.095000000000000000e+03 4.664267135557014984e-03
2.096000000000000000e+03 3.463843428961385380e-03
2.097000000000000000e+03 4.097035220766353722e-03
2.098000000000000000e+03 5.311627083427660802e-03
2.099000000000000000e+03 3.597403116714270079e-03
2.100000000000000000e+03 2.790558836200961179e-03
2.101000000000000000e+03 3.918273109334568204e-03
2.102000000000000000e+03 4.295499875604648181e-03
2.103000000000000000e+03 4.203470653666068271e-03
2.104000000000000000e+03 3.917563612391239923e-03
2.105000000000000000e+03 3.190203216417261678e-03
2.106000000000000000e+03 2.824667590568607362e-03
2.107000000000000000e+03 3.812940819708580432e-03
2.108000000000000000e+03 3.985220991960745571e-03
2.109000000000000000e+03 3.120604055739697926e-03
2.110000000000000000e+03 3.266993813217772356e-03
2.111000000000000000e+03 3.450566811817916239e-03
2.112000000000000000e+03 3.211861544160972675e-03
2.113000000000000000e+03 3.824183856797377500e-03
2.114000000000000000e+03 4.258184381762879049e-03
2.115000000000000000e+03 3.277606704995060776e-03
2.116000000000000000e+03 2.973825319674272549e-03
2.117000000000000000e+03 3.577476521641446191e-03
2.118000000000000000e+03 3.950287602987915918e-03
2.119000000000000000e+03 4.138088020875391529e-03
2.120000000000000000e+03 4.099896547254908499e-03
2.121000000000000000e+03 4.119119869041801274e-03
2.122000000000000000e+03 4.004791282647556135e-03
2.123000000000000000e+03 3.707393813902374984e-03
2.124000000000000000e+03 3.671195466563478317e-03
2.125000000000000000e+03 3.818411414561086702e-03
2.126000000000000000e+03 3.786498055340450659e-03
2.127000000000000000e+03 3.745686421955569684e-03
2.128000000000000000e+03 3.794195163626954640e-03
2.129000000000000000e+03 4.139324972783168036e-03
2.130000000000000000e+03 4.094917621336814466e-03
2.131000000000000000e+03 3.415039063563613062e-03
2.132000000000000000e+03 2.851329738860003231e-03
2.133000000000000000e+03 2.714639551436116415e-03
2.134000000000000000e+03 3.038086138219028842e-03
2.135000000000000000e+03 3.291790420204232688e-03
2.136000000000000000e+03 3.373097836361064854e-03
2.137000000000000000e+03 3.454512610608006292e-03
2.138000000000000000e+03 3.535238114798161437e-03
2.139000000000000000e+03 3.649289748438212452e-03
2.140000000000000000e+03 3.901554809650216882e-03
2.141000000000000000e+03 3.973369592361331894e-03
2.142000000000000000e+03 3.690638172273637621e-03
2.143000000000000000e+03 3.182061116626827470e-03
2.144000000000000000e+03 3.011962336292526785e-03
2.145000000000000000e+03 3.636139160357044955e-03
2.146000000000000000e+03 3.872922873792474571e-03
2.147000000000000000e+03 3.595837866878769020e-03
2.148000000000000000e+03 3.454643307413355919e-03
2.149000000000000000e+03 3.346480809585801811e-03
2.150000000000000000e+03 3.312720580032422167e-03
2.151000000000000000e+03 3.421121132755435609e-03
2.152000000000000000e+03 3.327400631919053865e-03
2.153000000000000000e+03 2.929614013435942986e-03
2.154000000000000000e+03 3.134527933252519334e-03
2.155000000000000000e+03 3.442090190442360746e-03
2.156000000000000000e+03 3.084323244940283260e-03
2.157000000000000000e+03 3.326997650102558098e-03
2.158000000000000000e+03 3.731151070103432433e-03
2.159000000000000000e+03 2.878032340924483942e-03
2.160000000000000000e+03 2.267911647092486424e-03
2.161000000000000000e+03 2.522645944376995450e-03
2.162000000000000000e+03 2.991900376671304852e-03
2.163000000000000000e+03 3.307561168049796829e-03
2.164000000000000000e+03 3.164202331724362029e-03
2.165000000000000000e+03 2.956240375697302431e-03
2.166000000000000000e+03 3.090536010937455433e-03
2.167000000000000000e+03 3.799083846512783889e-03
2.168000000000000000e+03 3.383972121749053395e-03
2.169000000000000000e+03 2.419155857340702862e-03
2.170000000000000000e+03 2.614591146940706875e-03
2.171000000000000000e+03 3.049070893525824590e-03
2.172000000000000000e+03 3.383268848463122282e-03
2.173000000000000000e+03 3.727583358500247742e-03
2.174000000000000000e+03 3.863254422025274963e-03
2.175000000000000000e+03 3.705248208014546088e-03
2.176000000000000000e+03 3.252424231249948731e-03
2.177000000000000000e+03 3.047823050217602497e-03
2.178000000000000000e+03 3.469601867968531358e-03
2.179000000000000000e+03 3.668142762609946650e-03
2.180000000000000000e+03 3.558316992342878612e-03
2.181000000000000000e+03 3.329214828050459409e-03
2.182000000000000000e+03 3.433436194830972316e-03
2.183000000000000000e+03 3.756776979438125087e-03
2.184000000000000000e+03 3.779532226798166562e-03
2.185000000000000000e+03 3.354479765256090321e-03
2.186000000000000000e+03 2.804434480368950960e-03
2.187000000000000000e+03 2.996597682092157211e-03
2.188000000000000000e+03 3.338302923765331612e-03
2.189000000000000000e+03 3.318757527708111454e-03
2.190000000000000000e+03 3.080568823615170097e-03
2.191000000000000000e+03 2.759344082523207398e-03
2.192000000000000000e+03 2.598112458066163637e-03
2.193000000000000000e+03 2.832227778392363681e-03
2.194000000000000000e+03 3.250846534099652036e-03
2.195000000000000000e+03 3.413500264272052460e-03
2.196000000000000000e+03 3.147361114806407865e-03
2.197000000000000000e+03 2.706884874318684405e-03
2.198000000000000000e+03 2.727404272758631332e-03
2.199000000000000000e+03 3.036889640084337177e-03
2.200000000000000000e+03 3.360774994713780928e-03
2.201000000000000000e+03 3.270987845352694035e-03
2.202000000000000000e+03 3.304976794315436176e-03
2.203000000000000000e+03 3.664175181018964993e-03
2.204000000000000000e+03 3.825708652859793717e-03
2.205000000000000000e+03 3.380499320921181907e-03
2.206000000000000000e+03 2.445044716200444387e-03
2.207000000000000000e+03 2.660711560085756051e-03
2.208000000000000000e+03 3.276604696154044368e-03
2.209000000000000000e+03 2.985195941739720877e-03
2.210000000000000000e+03 2.991290458246338626e-03
2.211000000000000000e+03 3.036972103544855178e-03
2.212000000000000000e+03 2.424309045665930598e-03
2.213000000000000000e+03 1.849216651582077237e-03
2.214000000000000000e+03 1.782855348665624657e-03
2.215000000000000000e+03 2.358889070930867814e-03
2.216000000000000000e+03 2.897873360708090162e-03
2.217000000000000000e+03 2.912435163104167436e-03
2.218000000000000000e+03 2.532956988770499341e-03
2.219000000000000000e+03 2.523215409028877702e-03
2.220000000000000000e+03 3.150928826409592556e-03
2.221000000000000000e+03 2.983879638200124737e-03
2.222000000000000000e+03 2.713374593070050703e-03
2.223000000000000000e+03 2.939640325503505534e-03
2.224000000000000000e+03 2.642554039628204881e-03
2.225000000000000000e+03 2.571042660215223583e-03
2.226000000000000000e+03 3.460790725007853712e-03
2.227000000000000000e+03 3.088223922214240486e-03
2.228000000000000000e+03 2.063965506001239243e-03
2.229000000000000000e+03 2.144193117599585419e-03
2.230000000000000000e+03 2.861951966123388053e-03
2.231000000000000000e+03 3.575696555625727455e-03
2.232000000000000000e+03 3.352103884044549745e-03
2.233000000000000000e+03 2.917247606186875852e-03
2.234000000000000000e+03 2.771783617746696998e-03
2.235000000000000000e+03 3.169648031947278326e-03
2.236000000000000000e+03 3.396604590351868201e-03
2.237000000000000000e+03 3.153216020503217098e-03
2.238000000000000000e+03 3.054983368053561851e-03
2.239000000000000000e+03 3.163388588519623710e-03
2.240000000000000000e+03 3.388387806672663212e-03
2.241000000000000000e+03 3.116144805214304467e-03
2.242000000000000000e+03 2.886972624776162465e-03
2.243000000000000000e+03 3.142486435149723437e-03
2.244000000000000000e+03 3.267126065937472033e-03
2.245000000000000000e+03 3.232382498515268786e-03
2.246000000000000000e+03 3.137351917796688504e-03
2.247000000000000000e+03 3.407461760682013122e-03
2.248000000000000000e+03 3.491140390307338314e-03
2.249000000000000000e+03 2.689909848766681381e-03
2.250000000000000000e+03 2.101084954634983501e-03
2.251000000000000000e+03 2.275089079986289398e-03
2.252000000000000000e+03 3.205791922283945331e-03
2.253000000000000000e+03 3.248749161556655201e-03
2.254000000000000000e+03 2.446373467054836163e-03
2.255000000000000000e+03 2.404184849470732653e-03
2.256000000000000000e+03 2.642236633100926782e-03
2.257000000000000000e+03 2.797230596931207965e-03
2.258000000000000000e+03 2.371407957786176614e-03
2.259000000000000000e+03 2.070187607484507818e-03
2.260000000000000000e+03 2.311201852035968396e-03
2.261000000000000000e+03 3.006949180258745510e-03
2.262000000000000000e+03 3.380670471499616376e-03
2.263000000000000000e+03 3.020004857564598938e-03
2.264000000000000000e+03 2.765738890499260059e-03
2.265000000000000000e+03 2.377872781907952506e-03
2.266000000000000000e+03 1.928669417834419451e-03
2.267000000000000000e+03 2.154550839423570886e-03
2.268000000000000000e+03 2.697085725746134737e-03
2.269000000000000000e+03 2.952901383503480238e-03
2.270000000000000000e+03 2.530025646136221332e-03
2.271000000000000000e+03 2.235814689978620276e-03
2.272000000000000000e+03 2.853756965245074235e-03
2.273000000000000000e+03 2.564837673789798194e-03
2.274000000000000000e+03 2.011699231176042758e-03
2.275000000000000000e+03 2.292068773281340840e-03
2.276000000000000000e+03 2.248322685433483056e-03
2.277000000000000000e+03 2.203862432899249008e-03
2.278000000000000000e+03 2.759879317059402842e-03
2.279000000000000000e+03 3.077145812046480286e-03
2.280000000000000000e+03 2.958868315033446727e-03
2.281000000000000000e+03 2.648494520614231348e-03
2.282000000000000000e+03 2.344058095352343635e-03
2.283000000000000000e+03 2.355332250728129143e-03
2.284000000000000000e+03 2.871877143758239798e-03
2.285000000000000000e+03 2.660890490235937305e-03
2.286000000000000000e+03 2.064483625479591501e-03
2.287000000000000000e+03 2.682071152274380886e-03
2.288000000000000000e+03 3.254599399510416016e-03
2.289000000000000000e+03 3.282994836387048612e-03
2.290000000000000000e+03 3.050818185340206136e-03
2.291000000000000000e+03 2.804513832000770594e-03
2.292000000000000000e+03 2.661782029158146073e-03
2.293000000000000000e+03 2.326362681456566311e-03
2.294000000000000000e+03 2.260298558180850060e-03
2.295000000000000000e+03 2.523630838160168671e-03
2.296000000000000000e+03 2.642544704142108479e-03
2.297000000000000000e+03 2.659191431766387819e-03
2.298000000000000000e+03 2.659105856477170151e-03
2.299000000000000000e+03 2.945221390274819443e-03
2.300000000000000000e+03 3.122712319683141214e-03
2.301000000000000000e+03 2.863871964430553252e-03
2.302000000000000000e+03 1.879233351210789302e-03
2.303000000000000000e+03 1.748917744876412944e-03
2.304000000000000000e+03 2.877168808460564380e-03
2.305000000000000000e+03 2.869261651736890704e-03
2.306000000000000000e+03 2.670022151552592718e-03
2.307000000000000000e+03 2.947324986475214747e-03
2.308000000000000000e+03 3.287500764342924514e-03
2.309000000000000000e+03 3.403211002679440173e-03
2.310000000000000000e+03 3.143160146063015293e-03
2.311000000000000000e+03 2.780244679978758487e-03
2.312000000000000000e+03 2.524978259986752818e-03
2.313000000000000000e+03 2.587891656704924964e-03
2.314000000000000000e+03 2.989953927820199631e-03
2.315000000000000000e+03 3.298004742115754045e-03
2.316000000000000000e+03 3.066934346171338015e-03
2.317000000000000000e+03 2.157270577706330017e-03
2.318000000000000000e+03 2.018920229671628940e-03
2.319000000000000000e+03 3.184570806472416908e-03
2.320000000000000000e+03 2.306378517552814394e-03
2.321000000000000000e+03 1.499504674666867106e-03
2.322000000000000000e+03 2.554380373447450239e-03
2.323000000000000000e+03 3.082950928484108708e-03
2.324000000000000000e+03 2.987668289640924707e-03
2.325000000000000000e+03 2.517427407649092900e-03
2.326000000000000000e+03 2.242195494725528118e-03
2.327000000000000000e+03 2.108528448882534580e-03
2.328000000000000000e+03 2.101550173025455281e-03
2.329000000000000000e+03 2.894619943803485636e-03
2.330000000000000000e+03 3.369668601134977008e-03
2.331000000000000000e+03 2.642915011757267056e-03
2.332000000000000000e+03 2.096166709376515429e-03
2.333000000000000000e+03 1.859368992711941644e-03
2.334000000000000000e+03 1.987311829663475794e-03
2.335000000000000000e+03 2.593292235411708436e-03
2.336000000000000000e+03 2.900090538655991906e-03
2.337000000000000000e+03 2.344778483696117934e-03
2.338000000000000000e+03 1.971648439908020491e-03
2.339000000000000000e+03 2.267446428702014211e-03
2.340000000000000000e+03 3.147183740570575795e-03
2.341000000000000000e+03 3.139674897920349469e-03
2.342000000000000000e+03 2.677650799607723085e-03
2.343000000000000000e+03 2.470382781380497331e-03
2.344000000000000000e+03 2.439684591266746191e-03
2.345000000000000000e+03 2.440823520570510261e-03
2.346000000000000000e+03 2.338061601449738756e-03
2.347000000000000000e+03 2.307842632955604215e-03
2.348000000000000000e+03 2.750374236298890485e-03
2.349000000000000000e+03 3.531273645035878581e-03
2.350000000000000000e+03 3.309694326622830522e-03
2.351000000000000000e+03 2.776269318816030045e-03
2.352000000000000000e+03 2.561665164431362485e-03
2.353000000000000000e+03 1.808333446137123848e-03
2.354000000000000000e+03 1.825630545959453822e-03
2.355000000000000000e+03 2.884974830751527251e-03
2.356000000000000000e+03 2.737590844004182764e-03
2.357000000000000000e+03 2.562776087276837349e-03
2.358000000000000000e+03 2.936452257001575389e-03
2.359000000000000000e+03 2.628726628805047160e-03
2.360000000000000000e+03 2.428799414478312064e-03
2.361000000000000000e+03 2.658334122959865424e-03
2.362000000000000000e+03 2.623392954415288119e-03
2.363000000000000000e+03 2.393318343654490896e-03
2.364000000000000000e+03 2.193299330381141832e-03
2.365000000000000000e+03 2.441238949701801230e-03
2.366000000000000000e+03 2.855519816202949784e-03
2.367000000000000000e+03 2.938362919822644619e-03
2.368000000000000000e+03 2.090346033795393004e-03
2.369000000000000000e+03 2.274230215265417819e-03
2.370000000000000000e+03 3.377953845045556045e-03
2.371000000000000000e+03 2.905128589319364019e-03
2.372000000000000000e+03 2.174920870085974949e-03
2.373000000000000000e+03 1.961454089090722275e-03
2.374000000000000000e+03 2.404617393659866809e-03
2.375000000000000000e+03 2.561542247197759210e-03
2.376000000000000000e+03 2.345501983868591468e-03
2.377000000000000000e+03 2.417495696729887733e-03
2.378000000000000000e+03 2.164219291190770927e-03
2.379000000000000000e+03 1.953858115236929097e-03
2.380000000000000000e+03 2.515532303971518106e-03
2.381000000000000000e+03 2.884834798460080355e-03
2.382000000000000000e+03 2.594127761417338359e-03
2.383000000000000000e+03 1.694712800771858022e-03
2.384000000000000000e+03 1.940254756080085239e-03
2.385000000000000000e+03 2.629616611812906311e-03
2.386000000000000000e+03 2.263987631103287976e-03
2.387000000000000000e+03 2.183302580686217239e-03
2.388000000000000000e+03 2.306051775539439460e-03
2.389000000000000000e+03 2.310218514167144792e-03
2.390000000000000000e+03 2.177229846980491528e-03
2.391000000000000000e+03 2.316678670545872700e-03
2.392000000000000000e+03 2.895632844044947630e-03
2.393000000000000000e+03 2.972849761377195730e-03
2.394000000000000000e+03 2.656163622442446557e-03
2.395000000000000000e+03 2.417685518280515439e-03
2.396000000000000000e+03 3.195620910181887903e-03
2.397000000000000000e+03 2.988704528597627922e-03
2.398000000000000000e+03 1.517483264974236372e-03
2.399000000000000000e+03 2.457003473889968204e-03
2.400000000000000000e+03 3.610029361659687717e-03
2.401000000000000000e+03 3.611966475024696102e-03
2.402000000000000000e+03 3.369122475198335978e-03
2.403000000000000000e+03 2.737043162153192551e-03
2.404000000000000000e+03 2.306583898246935670e-03
2.405000000000000000e+03 2.969087560480335349e-03
2.406000000000000000e+03 2.903138574866475155e-03
2.407000000000000000e+03 2.270024578778977696e-03
2.408000000000000000e+03 2.763459475977382736e-03
2.409000000000000000e+03 3.201492930936540755e-03
2.410000000000000000e+03 3.316313186265197263e-03
2.411000000000000000e+03 3.306212190308863066e-03
2.412000000000000000e+03 3.108259431291522396e-03
2.413000000000000000e+03 2.756495203349447823e-03
2.414000000000000000e+03 2.407386921201806751e-03
2.415000000000000000e+03 2.407712107300832502e-03
2.416000000000000000e+03 2.861446293959831865e-03
2.417000000000000000e+03 3.394465208121437341e-03
2.418000000000000000e+03 2.583885177255208516e-03
2.419000000000000000e+03 2.079227469854548396e-03
2.420000000000000000e+03 2.943625022152330812e-03
2.421000000000000000e+03 3.228334009378118312e-03
2.422000000000000000e+03 2.992650327387717975e-03
2.423000000000000000e+03 2.563160398121140313e-03
2.424000000000000000e+03 2.580830917387327231e-03
2.425000000000000000e+03 2.653437660502289824e-03
2.426000000000000000e+03 2.760766188238563627e-03
2.427000000000000000e+03 3.349713999603863915e-03
2.428000000000000000e+03 3.112105651563250395e-03
2.429000000000000000e+03 2.418524156114844597e-03
2.430000000000000000e+03 2.770867184194897390e-03
2.431000000000000000e+03 3.065067248952052861e-03
2.432000000000000000e+03 2.904979221541821154e-03
2.433000000000000000e+03 2.331582774098818478e-03
2.434000000000000000e+03 2.506923429876262502e-03
2.435000000000000000e+03 2.856221533574531280e-03
2.436000000000000000e+03 2.536096823927597426e-03
2.437000000000000000e+03 2.000482644631185278e-03
2.438000000000000000e+03 1.727905121587704814e-03
2.439000000000000000e+03 2.032486246884087407e-03
2.440000000000000000e+03 2.639526230304263619e-03
2.441000000000000000e+03 2.925276124229802752e-03
2.442000000000000000e+03 2.651561227796907835e-03
2.443000000000000000e+03 2.469446120942156171e-03
2.444000000000000000e+03 2.369411719675890583e-03
2.445000000000000000e+03 2.515775026610025424e-03
2.446000000000000000e+03 3.051768849007692550e-03
2.447000000000000000e+03 2.390922235556407899e-03
2.448000000000000000e+03 1.430915302402067197e-03
2.449000000000000000e+03 2.070771075365534890e-03
2.450000000000000000e+03 2.985754514991157110e-03
2.451000000000000000e+03 3.447002212043430349e-03
2.452000000000000000e+03 3.021837724668197285e-03
2.453000000000000000e+03 2.144933732829901706e-03
2.454000000000000000e+03 1.628339050540610240e-03
2.455000000000000000e+03 1.957698111851259495e-03
2.456000000000000000e+03 2.170897275578414880e-03
2.457000000000000000e+03 2.679906875414359620e-03
2.458000000000000000e+03 3.237338085718122031e-03
2.459000000000000000e+03 2.995186467777247001e-03
2.460000000000000000e+03 2.917308286846502247e-03
2.461000000000000000e+03 2.970671481288029211e-03
2.462000000000000000e+03 2.342670219752674646e-03
2.463000000000000000e+03 1.836201428049308217e-03
2.464000000000000000e+03 1.878519186524412604e-03
2.465000000000000000e+03 2.450655343344397552e-03
2.466000000000000000e+03 2.832678993553691075e-03
2.467000000000000000e+03 2.675348046370604107e-03
2.468000000000000000e+03 2.126289211180987151e-03
2.469000000000000000e+03 2.159923411672064718e-03
2.470000000000000000e+03 2.133580225822296998e-03
2.471000000000000000e+03 1.886723522888822608e-03
2.472000000000000000e+03 2.417512811787731353e-03
2.473000000000000000e+03 2.472968711029207602e-03
2.474000000000000000e+03 1.865261240353136701e-03
2.475000000000000000e+03 1.434372544086444249e-03
2.476000000000000000e+03 2.214434870903452587e-03
2.477000000000000000e+03 2.933724739147069473e-03
2.478000000000000000e+03 1.839548199814877195e-03
2.479000000000000000e+03 1.845552473289229509e-03
2.480000000000000000e+03 2.549236520608318905e-03
2.481000000000000000e+03 2.804853021328940731e-03
2.482000000000000000e+03 1.686905222566545967e-03
2.483000000000000000e+03 1.198416577084898205e-03
2.484000000000000000e+03 2.180293442334469214e-03
2.485000000000000000e+03 2.763045602760441383e-03
2.486000000000000000e+03 2.748029473374337915e-03
2.487000000000000000e+03 2.372297940794035765e-03
2.488000000000000000e+03 2.444657293527442623e-03
2.489000000000000000e+03 2.277282919218949486e-03
2.490000000000000000e+03 2.248445602667086332e-03
2.491000000000000000e+03 2.718591573883604503e-03
2.492000000000000000e+03 2.318078993460336457e-03
2.493000000000000000e+03 1.876857469999248509e-03
2.494000000000000000e+03 2.141271110451403378e-03
2.495000000000000000e+03 2.650482979152770160e-03
2.496000000000000000e+03 2.525927367739890048e-03
2.497000000000000000e+03 1.981621850887703862e-03
2.498000000000000000e+03 2.466032444859562328e-03
2.499000000000000000e+03 2.871432152254310005e-03
2.500000000000000000e+03 2.985259734228046073e-03
2.501000000000000000e+03 2.992908609169718862e-03
2.502000000000000000e+03 2.224850161558366516e-03
2.503000000000000000e+03 1.458395861641250020e-03
2.504000000000000000e+03 1.566978456343143949e-03
2.505000000000000000e+03 2.245879899904918049e-03
2.506000000000000000e+03 2.867069368418579799e-03
2.507000000000000000e+03 2.707504128229747467e-03
2.508000000000000000e+03 1.505974166531691199e-03
2.509000000000000000e+03 1.903648759181645039e-03
2.510000000000000000e+03 3.035630905375668633e-03
2.511000000000000000e+03 2.177729295486650115e-03
2.512000000000000000e+03 1.767095492220506102e-03
2.513000000000000000e+03 1.853868835486796552e-03
2.514000000000000000e+03 2.069142033041708201e-03
2.515000000000000000e+03 2.407572075009386040e-03
2.516000000000000000e+03 2.404670294747746420e-03
2.517000000000000000e+03 2.155545068692840942e-03
2.518000000000000000e+03 2.571537440978334185e-03
2.519000000000000000e+03 2.651923755840318760e-03
2.520000000000000000e+03 2.321431988883303470e-03
2.521000000000000000e+03 2.107654025018169432e-03
2.522000000000000000e+03 2.282688165668780942e-03
2.523000000000000000e+03 2.235144090894026787e-03
2.524000000000000000e+03 1.756583734875929136e-03
2.525000000000000000e+03 2.692578241875909651e-03
2.526000000000000000e+03 2.985700057988927882e-03
2.527000000000000000e+03 2.285179184542177576e-03
2.528000000000000000e+03 2.598989993759227585e-03
2.529000000000000000e+03 2.444777098932347098e-03
2.530000000000000000e+03 1.814666017539200062e-03
2.531000000000000000e+03 1.451733436397099853e-03
2.532000000000000000e+03 2.494191382755085642e-03
2.533000000000000000e+03 3.123302011221565453e-03
2.534000000000000000e+03 2.199831058819941721e-03
2.535000000000000000e+03 1.879314258756958336e-03
2.536000000000000000e+03 2.039800600240637609e-03
2.537000000000000000e+03 2.216810752114993597e-03
2.538000000000000000e+03 1.618328297616541478e-03
2.539000000000000000e+03 2.370180341364496509e-03
2.540000000000000000e+03 3.233448299844610824e-03
2.541000000000000000e+03 2.550969809193555631e-03
2.542000000000000000e+03 2.134519998089337393e-03
2.543000000000000000e+03 2.503744696860429626e-03
2.544000000000000000e+03 3.270827586174705152e-03
2.545000000000000000e+03 2.801767643174071440e-03
2.546000000000000000e+03 2.733788189334238408e-03
2.547000000000000000e+03 3.257322249621873948e-03
2.548000000000000000e+03 3.630643670874948280e-03
2.549000000000000000e+03 3.599296664477495255e-03
2.550000000000000000e+03 3.400321669732595756e-03
2.551000000000000000e+03 3.282979277243554608e-03
2.552000000000000000e+03 2.761212735656842603e-03
2.553000000000000000e+03 2.572201816405529640e-03
2.554000000000000000e+03 3.043167754484184164e-03
2.555000000000000000e+03 3.832322844759112907e-03
2.556000000000000000e+03 2.675413394773279354e-03
2.557000000000000000e+03 1.743016161749121485e-03
2.558000000000000000e+03 3.139583098973734634e-03
2.559000000000000000e+03 2.712545290721818381e-03
2.560000000000000000e+03 2.092275367588654605e-03
2.561000000000000000e+03 2.141439149201139480e-03
2.562000000000000000e+03 2.229712393900255742e-03
2.563000000000000000e+03 2.665212820298583103e-03
2.564000000000000000e+03 2.915294933678372596e-03
2.565000000000000000e+03 2.505812507030788071e-03
2.566000000000000000e+03 2.477409290582408257e-03
2.567000000000000000e+03 2.677647687779023851e-03
2.568000000000000000e+03 2.883865463820401570e-03
2.569000000000000000e+03 3.021665018175413199e-03
2.570000000000000000e+03 2.791797344023087303e-03
2.571000000000000000e+03 2.558792946542361689e-03
2.572000000000000000e+03 2.899896049362316215e-03
2.573000000000000000e+03 3.517555148217178882e-03
2.574000000000000000e+03 3.624088603720906736e-03
2.575000000000000000e+03 3.183352525536833205e-03
2.576000000000000000e+03 3.820620812937241227e-03
2.577000000000000000e+03 3.410758743188401724e-03
2.578000000000000000e+03 2.514446275755634081e-03
2.579000000000000000e+03 3.014815883209334777e-03
2.580000000000000000e+03 3.091449332660556239e-03
2.581000000000000000e+03 3.123891702759989692e-03
2.582000000000000000e+03 3.347184082871732490e-03
2.583000000000000000e+03 3.140706469134004267e-03
2.584000000000000000e+03 2.963402249447611402e-03
2.585000000000000000e+03 2.782027757823176458e-03
2.586000000000000000e+03 2.398950753599335666e-03
2.587000000000000000e+03 3.440237096452219544e-03
2.588000000000000000e+03 3.752062558959429542e-03
2.589000000000000000e+03 2.329566309101990026e-03
2.590000000000000000e+03 2.338774210221766271e-03
2.591000000000000000e+03 2.617860122988805403e-03
2.592000000000000000e+03 2.707269185162987802e-03
2.593000000000000000e+03 2.624732596670125914e-03
2.594000000000000000e+03 2.847933177835253009e-03
2.595000000000000000e+03 3.213451688626063705e-03
2.596000000000000000e+03 3.396517459148301783e-03
2.597000000000000000e+03 3.255142413618358245e-03
2.598000000000000000e+03 3.006634885560165778e-03
2.599000000000000000e+03 2.822761595490586983e-03
2.600000000000000000e+03 2.776200858584656431e-03
2.601000000000000000e+03 3.171694059316745168e-03
2.602000000000000000e+03 3.507608187781435533e-03
2.603000000000000000e+03 3.418354717042194468e-03
2.604000000000000000e+03 3.261680365714556169e-03
2.605000000000000000e+03 2.972462338704193966e-03
2.606000000000000000e+03 2.884315123067379347e-03
2.607000000000000000e+03 3.183064681382193062e-03
2.608000000000000000e+03 2.855715861410974658e-03
2.609000000000000000e+03 2.296846986248362015e-03
2.610000000000000000e+03 2.110012791171866388e-03
2.611000000000000000e+03 2.596304485592155695e-03
2.612000000000000000e+03 2.625813957142961522e-03
2.613000000000000000e+03 2.334654149024542949e-03
2.614000000000000000e+03 2.278869951855342149e-03
2.615000000000000000e+03 1.919472408115089224e-03
2.616000000000000000e+03 2.051336149227122804e-03
2.617000000000000000e+03 2.533580910424610387e-03
2.618000000000000000e+03 2.295225723496282545e-03
2.619000000000000000e+03 2.054553780101691339e-03
2.620000000000000000e+03 2.492369407051932880e-03
2.621000000000000000e+03 3.376334138207826192e-03
2.622000000000000000e+03 2.304038422371310242e-03
2.623000000000000000e+03 1.904165322745647463e-03
2.624000000000000000e+03 2.410392947724856842e-03
2.625000000000000000e+03 2.062095296953255288e-03
2.626000000000000000e+03 1.626618209270168933e-03
2.627000000000000000e+03 1.626801807163398604e-03
2.628000000000000000e+03 1.944609760344068877e-03
2.629000000000000000e+03 1.319589630702173349e-03
2.630000000000000000e+03 1.375862384977086716e-03
2.631000000000000000e+03 1.921670915090797731e-03
2.632000000000000000e+03 1.933511423289766256e-03
2.633000000000000000e+03 1.308664000140654596e-03
2.634000000000000000e+03 1.569989150609241591e-03
2.635000000000000000e+03 2.342203445447853683e-03
2.636000000000000000e+03 1.276918679669754222e-03
2.637000000000000000e+03 1.366326185929586353e-03
2.638000000000000000e+03 1.703614186764801320e-03
2.639000000000000000e+03 1.255990075755913926e-03
2.640000000000000000e+03 1.491174309240155243e-03
2.641000000000000000e+03 2.022220324006715909e-03
2.642000000000000000e+03 2.181335904948570031e-03
2.643000000000000000e+03 1.621844664046195742e-03
2.644000000000000000e+03 2.208489722174377702e-03
2.645000000000000000e+03 2.769737590377229722e-03
2.646000000000000000e+03 2.356247128365578699e-03
2.647000000000000000e+03 1.267351362335265635e-03
2.648000000000000000e+03 1.780649062118168932e-03
2.649000000000000000e+03 2.623696357713421832e-03
2.650000000000000000e+03 2.069366084708022715e-03
2.651000000000000000e+03 1.675512817700206252e-03
2.652000000000000000e+03 1.964250067176602239e-03
2.653000000000000000e+03 2.443256970612979299e-03
2.654000000000000000e+03 2.077679335076890958e-03
2.655000000000000000e+03 1.845502684030048482e-03
2.656000000000000000e+03 1.410481479251337721e-03
2.657000000000000000e+03 1.022800524467608807e-03
2.658000000000000000e+03 1.591088905101516356e-03
2.659000000000000000e+03 2.158580657588528989e-03
2.660000000000000000e+03 2.242116143093708484e-03
2.661000000000000000e+03 1.909604799311165509e-03
2.662000000000000000e+03 2.011783250550910375e-03
2.663000000000000000e+03 2.365587282205054188e-03
2.664000000000000000e+03 2.520459884716082146e-03
2.665000000000000000e+03 2.099297209047517546e-03
2.666000000000000000e+03 1.672245397566456473e-03
2.667000000000000000e+03 1.780384556678770228e-03
2.668000000000000000e+03 2.166700974578071159e-03
2.669000000000000000e+03 1.844877206461587819e-03
2.670000000000000000e+03 2.043928441009608150e-03
2.671000000000000000e+03 2.190122153279657272e-03
2.672000000000000000e+03 1.976569796995186930e-03
2.673000000000000000e+03 2.522796868068887931e-03
2.674000000000000000e+03 2.148583907893604830e-03
2.675000000000000000e+03 1.586050854438144459e-03
2.676000000000000000e+03 2.089894818634066044e-03
2.677000000000000000e+03 2.101601518198985708e-03
2.678000000000000000e+03 1.589655907985714758e-03
2.679000000000000000e+03 1.017715796373754901e-03
2.680000000000000000e+03 1.115158044333912401e-03
2.681000000000000000e+03 1.783998945712436928e-03
2.682000000000000000e+03 1.737113022707480626e-03
2.683000000000000000e+03 9.826859407112613441e-04
2.684000000000000000e+03 1.433260065326619984e-03
2.685000000000000000e+03 1.373085077863399773e-03
2.686000000000000000e+03 1.535340493962352197e-03
2.687000000000000000e+03 2.299848345028363689e-03
2.688000000000000000e+03 2.121887529486521720e-03
2.689000000000000000e+03 1.931485622806841619e-03
2.690000000000000000e+03 1.982687652217045900e-03
2.691000000000000000e+03 2.204783534194096166e-03
2.692000000000000000e+03 2.809822611760938796e-03
2.693000000000000000e+03 2.061272218262420568e-03
2.694000000000000000e+03 1.064786873186290058e-03
2.695000000000000000e+03 2.149304296237379130e-03
2.696000000000000000e+03 2.772567798578796927e-03
2.697000000000000000e+03 2.477947636947302069e-03
2.698000000000000000e+03 1.826022636375503787e-03
2.699000000000000000e+03 2.046284095334606305e-03
2.700000000000000000e+03 2.241551346184874650e-03
2.701000000000000000e+03 2.061633190391481876e-03
2.702000000000000000e+03 1.698219831715415884e-03
2.703000000000000000e+03 1.925545141820815152e-03
2.704000000000000000e+03 1.898063026667282929e-03
2.705000000000000000e+03 1.713822540811244357e-03
2.706000000000000000e+03 1.698398761865597354e-03
2.707000000000000000e+03 1.868359065822800978e-03
2.708000000000000000e+03 2.154399915731678838e-03
2.709000000000000000e+03 2.510961027612967390e-03
2.710000000000000000e+03 2.785086685434105726e-03
2.711000000000000000e+03 2.475490848189592676e-03
2.712000000000000000e+03 2.414184710994355179e-03
2.713000000000000000e+03 2.785338743558709012e-03
2.714000000000000000e+03 3.107366336454964444e-03
2.715000000000000000e+03 2.879605370331732219e-03
2.716000000000000000e+03 2.915736813353603588e-03
2.717000000000000000e+03 2.998873984785335733e-03
2.718000000000000000e+03 2.333953987567311070e-03
2.719000000000000000e+03 2.711395470017608292e-03
2.720000000000000000e+03 2.580547740975735506e-03
2.721000000000000000e+03 1.776290946025486711e-03
2.722000000000000000e+03 1.947102335131814695e-03
2.723000000000000000e+03 3.149172199109114608e-03
2.724000000000000000e+03 3.396226503164963273e-03
2.725000000000000000e+03 2.093047101105959332e-03
2.726000000000000000e+03 1.297883069613630725e-03
2.727000000000000000e+03 3.149796120763226088e-03
2.728000000000000000e+03 4.576312853299526438e-03
2.729000000000000000e+03 3.896989756949063334e-03
2.730000000000000000e+03 4.523654488058279771e-03
2.731000000000000000e+03 4.169203196034782823e-03
2.732000000000000000e+03 4.252293690036033393e-03
2.733000000000000000e+03 5.651094920266391472e-03
2.734000000000000000e+03 6.338729711071373202e-03
2.735000000000000000e+03 5.658144768183543186e-03
2.736000000000000000e+03 4.775440327650667602e-03
2.737000000000000000e+03 5.005309557717343115e-03
2.738000000000000000e+03 5.543402308572357128e-03
2.739000000000000000e+03 5.002053028984039355e-03
2.740000000000000000e+03 4.209151296955744234e-03
2.741000000000000000e+03 4.264470275734473688e-03
2.742000000000000000e+03 3.708979290624418029e-03
2.743000000000000000e+03 3.390161549030984347e-03
2.744000000000000000e+03 3.350434387947638214e-03
2.745000000000000000e+03 3.312135556237045912e-03
2.746000000000000000e+03 3.309355137294660385e-03
2.747000000000000000e+03 3.779529114969467762e-03
2.748000000000000000e+03 3.533031828250705712e-03
2.749000000000000000e+03 1.948038995570156289e-03
2.750000000000000000e+03 2.260488379731477333e-03
2.751000000000000000e+03 2.816082055188592979e-03
2.752000000000000000e+03 2.680351866918288979e-03
2.753000000000000000e+03 2.022688654225886923e-03
2.754000000000000000e+03 2.472323006574204951e-03
2.755000000000000000e+03 2.388852869471700269e-03
2.756000000000000000e+03 1.685277736157068896e-03
2.757000000000000000e+03 1.384763770970030231e-03
2.758000000000000000e+03 1.998498853835694450e-03
2.759000000000000000e+03 2.537935914688593808e-03
2.760000000000000000e+03 2.587109031787174652e-03
2.761000000000000000e+03 2.442785528565109485e-03
2.762000000000000000e+03 2.623296487725624866e-03
2.763000000000000000e+03 2.338360337004824485e-03
2.764000000000000000e+03 2.422774914117417546e-03
2.765000000000000000e+03 3.531925573148279266e-03
2.766000000000000000e+03 2.847508413217865637e-03
2.767000000000000000e+03 2.015064673913804540e-03
2.768000000000000000e+03 1.942826682499651124e-03
2.769000000000000000e+03 2.546689488818343859e-03
2.770000000000000000e+03 3.098321806341875883e-03
2.771000000000000000e+03 1.696928422805410149e-03
2.772000000000000000e+03 7.087127624963649982e-04
2.773000000000000000e+03 2.333930648852069849e-03
2.774000000000000000e+03 1.697994224134752187e-03
2.775000000000000000e+03 1.555828774115311118e-03
2.776000000000000000e+03 1.733688455224441632e-03
2.777000000000000000e+03 1.538900425993789669e-03
2.778000000000000000e+03 2.710426135377929507e-03
2.779000000000000000e+03 2.903454425479404504e-03
2.780000000000000000e+03 1.918686671368639894e-03
2.781000000000000000e+03 1.090543479326332556e-03
2.782000000000000000e+03 1.596207863311057285e-03
2.783000000000000000e+03 2.664310389975928315e-03
2.784000000000000000e+03 2.870002266967207425e-03
2.785000000000000000e+03 2.002737164523472630e-03
2.786000000000000000e+03 2.506360188881778719e-03
2.787000000000000000e+03 2.445348119498578967e-03
2.788000000000000000e+03 2.079015865503029518e-03
2.789000000000000000e+03 2.021327229170157523e-03
2.790000000000000000e+03 2.122687269462115653e-03
2.791000000000000000e+03 1.953671405515000625e-03
2.792000000000000000e+03 2.211417952979956910e-03
2.793000000000000000e+03 2.812341637092624635e-03
2.794000000000000000e+03 2.373047891510448888e-03
2.795000000000000000e+03 1.338315059897256937e-03
2.796000000000000000e+03 1.568954467566887560e-03
2.797000000000000000e+03 2.618091954226867135e-03
2.798000000000000000e+03 1.594642613475556227e-03
2.799000000000000000e+03 1.687592936708982860e-03
2.800000000000000000e+03 2.063106641280368098e-03
2.801000000000000000e+03 2.143279795876484612e-03
2.802000000000000000e+03 2.135377306895859355e-03
2.803000000000000000e+03 1.958963070217325641e-03
2.804000000000000000e+03 2.425404409367911459e-03
2.805000000000000000e+03 3.025350979269152748e-03
2.806000000000000000e+03 2.691731824469833709e-03
2.807000000000000000e+03 2.634396380694277104e-03
2.808000000000000000e+03 2.332032433345796255e-03
2.809000000000000000e+03 2.707644160521193930e-03
2.810000000000000000e+03 3.839042838834190452e-03
2.811000000000000000e+03 2.311688853227331780e-03
2.812000000000000000e+03 2.020108948234574254e-03
2.813000000000000000e+03 2.572863080004026727e-03
2.814000000000000000e+03 2.553116970995734144e-03
2.815000000000000000e+03 2.839276070395166645e-03
2.816000000000000000e+03 2.143254901246894207e-03
2.817000000000000000e+03 1.508457405833340832e-03
2.818000000000000000e+03 1.829885971705075189e-03
2.819000000000000000e+03 2.404536486113697559e-03
2.820000000000000000e+03 2.898014948913886241e-03
2.821000000000000000e+03 2.307766393152483383e-03
2.822000000000000000e+03 1.799041525642479985e-03
2.823000000000000000e+03 3.410915890537691373e-03
2.824000000000000000e+03 3.354739602952440825e-03
2.825000000000000000e+03 2.748424675619086464e-03
2.826000000000000000e+03 2.614973901870660221e-03
2.827000000000000000e+03 3.135032049501726339e-03
2.828000000000000000e+03 3.590723576412276075e-03
2.829000000000000000e+03 3.544559597665444123e-03
2.830000000000000000e+03 3.430599762972007943e-03
2.831000000000000000e+03 3.784884572160117974e-03
2.832000000000000000e+03 4.163146021472551549e-03
2.833000000000000000e+03 4.712519151360747803e-03
2.834000000000000000e+03 4.745423628021955102e-03
2.835000000000000000e+03 4.382704207145723604e-03
2.836000000000000000e+03 4.874660985712194437e-03
2.837000000000000000e+03 5.112152640176601849e-03
2.838000000000000000e+03 5.163784101947241703e-03
2.839000000000000000e+03 5.419761574796925704e-03
2.840000000000000000e+03 6.115287963182088407e-03
2.841000000000000000e+03 6.467256015903933772e-03
2.842000000000000000e+03 6.723568010338740360e-03
2.843000000000000000e+03 6.936932100986932179e-03
2.844000000000000000e+03 7.098728522352810641e-03
2.845000000000000000e+03 7.460603081737315380e-03
2.846000000000000000e+03 7.984244500115060192e-03
2.847000000000000000e+03 8.328073564875171017e-03
2.848000000000000000e+03 8.309618864776885036e-03
2.849000000000000000e+03 8.274774162921969684e-03
2.850000000000000000e+03 9.270084792664300133e-03
2.851000000000000000e+03 9.859642522454567515e-03
2.852000000000000000e+03 9.458392438629682417e-03
2.853000000000000000e+03 9.200975745006799433e-03
2.854000000000000000e+03 1.046692834034194941e-02
2.855000000000000000e+03 1.115051308609543192e-02
2.856000000000000000e+03 1.083839511169053423e-02
2.857000000000000000e+03 1.065360227624045746e-02
2.858000000000000000e+03 1.146859332428724898e-02
2.859000000000000000e+03 1.203339023312109159e-02
2.860000000000000000e+03 1.172715517087129233e-02
2.861000000000000000e+03 1.114888248785725518e-02
2.862000000000000000e+03 1.161809646637848061e-02
2.863000000000000000e+03 1.112748866555294223e-02
2.864000000000000000e+03 1.114689402931871680e-02
2.865000000000000000e+03 1.115851515359441923e-02
2.866000000000000000e+03 1.002489151776177374e-02
2.867000000000000000e+03 1.078494011830239199e-02
2.868000000000000000e+03 1.174654808732226996e-02
2.869000000000000000e+03 1.156116867216246819e-02
2.870000000000000000e+03 1.051284492870722606e-02
2.871000000000000000e+03 1.072454107917285814e-02
2.872000000000000000e+03 1.173075866850451128e-02
2.873000000000000000e+03 1.182092857279555195e-02
2.874000000000000000e+03 1.118773989281928415e-02
2.875000000000000000e+03 1.168491676402800758e-02
2.876000000000000000e+03 1.251193191816699600e-02
2.877000000000000000e+03 1.261621085377843607e-02
2.878000000000000000e+03 1.243467921480471278e-02
2.879000000000000000e+03 1.254456410981705759e-02
2.880000000000000000e+03 1.201787776705752833e-02
2.881000000000000000e+03 1.294436408146829726e-02
2.882000000000000000e+03 1.275605954733161421e-02
2.883000000000000000e+03 1.115108410666166422e-02
2.884000000000000000e+03 1.085883515849866109e-02
2.885000000000000000e+03 1.115351600078978191e-02
2.886000000000000000e+03 1.065943073139332536e-02
2.887000000000000000e+03 9.910355994759059012e-03
2.888000000000000000e+03 9.850227684726320376e-03
2.889000000000000000e+03 9.678672568560977088e-03
2.890000000000000000e+03 9.552635726687463968e-03
2.891000000000000000e+03 9.876107208099966367e-03
2.892000000000000000e+03 1.014608324235124169e-02
2.893000000000000000e+03 9.708905540284256883e-03
2.894000000000000000e+03 1.083626817677489813e-02
2.895000000000000000e+03 1.062289941838365746e-02
2.896000000000000000e+03 9.962088590962408369e-03
2.897000000000000000e+03 1.053291311198584559e-02
2.898000000000000000e+03 1.131121569967367783e-02
2.899000000000000000e+03 1.157835063432294080e-02
2.900000000000000000e+03 1.130996163270805814e-02
2.901000000000000000e+03 1.140595532440892047e-02
2.902000000000000000e+03 1.255834951095278172e-02
2.903000000000000000e+03 1.346288187389345359e-02
2.904000000000000000e+03 1.370735024830059198e-02
2.905000000000000000e+03 1.374394068605553666e-02
2.906000000000000000e+03 1.431345979493982463e-02
2.907000000000000000e+03 1.543198328201149903e-02
2.908000000000000000e+03 1.556046602124227726e-02
2.909000000000000000e+03 1.658497338375118299e-02
2.910000000000000000e+03 1.807468357758854755e-02
2.911000000000000000e+03 1.882290722907369387e-02
2.912000000000000000e+03 2.009783900611925370e-02
2.913000000000000000e+03 2.097797307614691215e-02
2.914000000000000000e+03 2.137018796534480986e-02
2.915000000000000000e+03 2.246995490493441244e-02
2.916000000000000000e+03 2.488591647011578756e-02
2.917000000000000000e+03 2.491678581080797317e-02
2.918000000000000000e+03 2.551791331970041168e-02
2.919000000000000000e+03 2.616165732262304075e-02
2.920000000000000000e+03 2.609763144714504629e-02
2.921000000000000000e+03 2.650262039315155055e-02
2.922000000000000000e+03 2.483978360965594101e-02
2.923000000000000000e+03 2.320165474602887967e-02
2.924000000000000000e+03 2.271311319945934840e-02
2.925000000000000000e+03 2.255990231347348648e-02
2.926000000000000000e+03 2.118392945857759321e-02
2.927000000000000000e+03 1.957512958043680640e-02
2.928000000000000000e+03 1.864374369173976004e-02
2.929000000000000000e+03 1.785789803128601250e-02
2.930000000000000000e+03 1.622798439542380913e-02
2.931000000000000000e+03 1.542093317830202891e-02
2.932000000000000000e+03 1.513928156277281889e-02
2.933000000000000000e+03 1.449893256496059130e-02
2.934000000000000000e+03 1.378612463589659436e-02
2.935000000000000000e+03 1.415356158908022063e-02
2.936000000000000000e+03 1.227809666242368758e-02
2.937000000000000000e+03 1.177034890912511192e-02
2.938000000000000000e+03 1.178681981842790751e-02
2.939000000000000000e+03 1.069783225345097982e-02
2.940000000000000000e+03 1.022778586075282284e-02
2.941000000000000000e+03 1.038498766704490893e-02
2.942000000000000000e+03 1.053281197755313522e-02
2.943000000000000000e+03 1.025258869139668121e-02
2.944000000000000000e+03 9.781499836084422972e-03
2.945000000000000000e+03 9.623885712489744712e-03
2.946000000000000000e+03 9.519818381229823087e-03
2.947000000000000000e+03 9.395849349526667546e-03
2.948000000000000000e+03 8.857518543776195935e-03
2.949000000000000000e+03 8.105016127830188752e-03
2.950000000000000000e+03 9.012476721576441127e-03
2.951000000000000000e+03 8.755011794608726083e-03
2.952000000000000000e+03 8.114429409644087141e-03
2.953000000000000000e+03 8.059367156733009824e-03
2.954000000000000000e+03 8.246145338892927473e-03
2.955000000000000000e+03 7.931513006899391927e-03
2.956000000000000000e+03 7.218213408900981017e-03
2.957000000000000000e+03 6.857175931436455818e-03
2.958000000000000000e+03 7.152953693343907550e-03
2.959000000000000000e+03 7.539122299380015234e-03
2.960000000000000000e+03 8.130740059768893843e-03
2.961000000000000000e+03 7.574494456199377078e-03
2.962000000000000000e+03 6.530261211568720754e-03
2.963000000000000000e+03 6.342787535694620511e-03
2.964000000000000000e+03 7.104252018293196955e-03
2.965000000000000000e+03 6.959987639816408132e-03
2.966000000000000000e+03 6.593395548124508614e-03
2.967000000000000000e+03 6.875523273444634695e-03
2.968000000000000000e+03 7.474343361356906683e-03
2.969000000000000000e+03 7.029179150934427266e-03
2.970000000000000000e+03 6.850969389096681246e-03
2.971000000000000000e+03 6.389455630690659901e-03
2.972000000000000000e+03 6.592830751215674780e-03
2.973000000000000000e+03 7.251505308235190080e-03
2.974000000000000000e+03 6.495274921508011057e-03
2.975000000000000000e+03 7.195195212015890671e-03
2.976000000000000000e+03 8.109002380393363213e-03
2.977000000000000000e+03 8.579014542975832089e-03
2.978000000000000000e+03 8.710106550570561809e-03
2.979000000000000000e+03 9.111096796699096403e-03
2.980000000000000000e+03 1.068403129317176126e-02
2.981000000000000000e+03 1.114154635169981207e-02
2.982000000000000000e+03 1.112974785318827931e-02
2.983000000000000000e+03 1.133122942595006857e-02
2.984000000000000000e+03 1.049480254591153225e-02
2.985000000000000000e+03 1.047821494303253012e-02
2.986000000000000000e+03 9.472991582970142696e-03
2.987000000000000000e+03 8.207706474890889142e-03
2.988000000000000000e+03 7.684242430748975533e-03
2.989000000000000000e+03 7.468388877141735396e-03
2.990000000000000000e+03 8.021600447729912431e-03
2.991000000000000000e+03 6.721937412100563621e-03
2.992000000000000000e+03 6.314818419349724037e-03
2.993000000000000000e+03 7.932427884536841917e-03
2.994000000000000000e+03 8.283224333753586022e-03
2.995000000000000000e+03 7.883271882496102959e-03
2.996000000000000000e+03 6.893153338937737205e-03
2.997000000000000000e+03 7.061641747920404007e-03
2.998000000000000000e+03 7.884110520330432983e-03
2.999000000000000000e+03 7.164436341242513134e-03
3.000000000000000000e+03 7.155153756233966107e-03
3.001000000000000000e+03 7.857039166565143312e-03
3.002000000000000000e+03 8.140256031929853087e-03
3.003000000000000000e+03 7.781300367864830286e-03
3.004000000000000000e+03 7.624137459431478553e-03
3.005000000000000000e+03 7.502891277839780944e-03
3.006000000000000000e+03 7.028919313238077629e-03
3.007000000000000000e+03 7.050535631294354601e-03
3.008000000000000000e+03 7.159360948634755847e-03
3.009000000000000000e+03 6.855613793429653560e-03
3.010000000000000000e+03 7.736843227159294172e-03
3.011000000000000000e+03 7.986088258619104124e-03
3.012000000000000000e+03 7.729150786615838174e-03
3.013000000000000000e+03 7.274708658927860581e-03
3.014000000000000000e+03 7.259283324067863745e-03
3.015000000000000000e+03 8.021545990727685371e-03
3.016000000000000000e+03 5.094776188722453109e-03
3.017000000000000000e+03 5.110855007609198947e-03
3.018000000000000000e+03 7.058280972925689775e-03
3.019000000000000000e+03 7.927537645736662184e-03
3.020000000000000000e+03 8.312141001937268375e-03
3.021000000000000000e+03 6.968694536515676607e-03
3.022000000000000000e+03 8.110363805449093480e-03
3.023000000000000000e+03 9.196519606310103040e-03
3.024000000000000000e+03 9.134062092496307572e-03
3.025000000000000000e+03 9.921101139256045809e-03
3.026000000000000000e+03 9.643858984993050609e-03
3.027000000000000000e+03 1.086121103971020123e-02
3.028000000000000000e+03 1.104198806022446515e-02
3.029000000000000000e+03 1.068428335129636454e-02
3.030000000000000000e+03 1.141482403620052571e-02
3.031000000000000000e+03 1.127222293016325212e-02
3.032000000000000000e+03 1.299427003422544760e-02
3.033000000000000000e+03 1.263144481117345688e-02
3.034000000000000000e+03 1.208694013728454572e-02
3.035000000000000000e+03 1.326520606763030748e-02
3.036000000000000000e+03 1.360478126255914612e-02
3.037000000000000000e+03 1.392231226298562205e-02
3.038000000000000000e+03 1.311042526406589435e-02
3.039000000000000000e+03 1.292056014783675780e-02
3.040000000000000000e+03 1.357115017389676735e-02
3.041000000000000000e+03 1.371038272536758036e-02
3.042000000000000000e+03 1.422175109135722162e-02
3.043000000000000000e+03 1.490810692056699326e-02
3.044000000000000000e+03 1.581877892153041656e-02
3.045000000000000000e+03 1.616651021947883640e-02
3.046000000000000000e+03 1.635395122115159902e-02
3.047000000000000000e+03 1.814544656219946317e-02
3.048000000000000000e+03 1.884728840692886237e-02
3.049000000000000000e+03 2.010642765332796775e-02
3.050000000000000000e+03 2.185883842591879525e-02
3.051000000000000000e+03 2.417867560259395754e-02
3.052000000000000000e+03 2.694250849801519548e-02
3.053000000000000000e+03 2.801570042051697296e-02
3.054000000000000000e+03 2.792847586208935598e-02
3.055000000000000000e+03 2.733461447320863213e-02
3.056000000000000000e+03 2.741763806289285871e-02
3.057000000000000000e+03 2.699452271471578998e-02
3.058000000000000000e+03 2.364228968978024023e-02
3.059000000000000000e+03 2.256082030293963397e-02
3.060000000000000000e+03 2.099569494058663166e-02
3.061000000000000000e+03 2.073758430916391657e-02
3.062000000000000000e+03 2.060624957893068127e-02
3.063000000000000000e+03 1.846356881007871556e-02
3.064000000000000000e+03 1.839440841724768183e-02
3.065000000000000000e+03 1.822636966751199281e-02
3.066000000000000000e+03 1.693469625206683524e-02
3.067000000000000000e+03 1.513260824612822422e-02
3.068000000000000000e+03 1.435926280155759571e-02
3.069000000000000000e+03 1.461435340322811763e-02
3.070000000000000000e+03 1.323665659523308447e-02
3.071000000000000000e+03 1.182087567170767364e-02
3.072000000000000000e+03 1.080923416495399407e-02
3.073000000000000000e+03 1.049061246856858483e-02
3.074000000000000000e+03 1.027508565697472093e-02
3.075000000000000000e+03 8.994390773178961504e-03
3.076000000000000000e+03 8.506680084872016503e-03
3.077000000000000000e+03 8.230660879287652124e-03
3.078000000000000000e+03 8.039375213257510255e-03
3.079000000000000000e+03 7.658244657884775118e-03
3.080000000000000000e+03 6.862175084241092272e-03
3.081000000000000000e+03 6.047678816957413085e-03
3.082000000000000000e+03 5.780091111232472240e-03
3.083000000000000000e+03 5.241055476281719465e-03
3.084000000000000000e+03 5.033868365600662961e-03
3.085000000000000000e+03 5.431829246490907544e-03
3.086000000000000000e+03 5.379706115785856321e-03
3.087000000000000000e+03 4.196291664857916548e-03
3.088000000000000000e+03 4.022018366324163312e-03
3.089000000000000000e+03 4.506077323653056438e-03
3.090000000000000000e+03 4.538669061530033189e-03
3.091000000000000000e+03 3.767167375463448611e-03
3.092000000000000000e+03 3.214290326460392862e-03
3.093000000000000000e+03 3.604260031252095719e-03
3.094000000000000000e+03 4.008752640581140191e-03
3.095000000000000000e+03 3.686981773552536895e-03
3.096000000000000000e+03 3.316593250848090188e-03
3.097000000000000000e+03 3.708262014109342530e-03
3.098000000000000000e+03 4.066985846936303599e-03
3.099000000000000000e+03 2.848876061930992205e-03
3.100000000000000000e+03 2.724802783966427059e-03
3.101000000000000000e+03 3.210573247079665307e-03
3.102000000000000000e+03 3.469485174392325684e-03
3.103000000000000000e+03 3.232640780297270106e-03
3.104000000000000000e+03 2.713916051263643749e-03
3.105000000000000000e+03 2.490681239982828980e-03
3.106000000000000000e+03 2.503620223712476733e-03
3.107000000000000000e+03 2.939967067516880469e-03
3.108000000000000000e+03 2.527338582054799825e-03
3.109000000000000000e+03 1.720751027409142845e-03
3.110000000000000000e+03 3.142530000751506646e-03
3.111000000000000000e+03 3.055890466119264622e-03
3.112000000000000000e+03 1.969485718962348409e-03
3.113000000000000000e+03 2.135024114338544398e-03
3.114000000000000000e+03 2.792520844195560403e-03
3.115000000000000000e+03 2.242383760361806207e-03
3.116000000000000000e+03 1.616551443429521543e-03
3.117000000000000000e+03 1.976033006544642735e-03
3.118000000000000000e+03 2.079421959148224086e-03
3.119000000000000000e+03 2.661066308557420192e-03
3.120000000000000000e+03 2.787420556958212278e-03
3.121000000000000000e+03 2.061619187162337490e-03
3.122000000000000000e+03 2.130124540052269564e-03
3.123000000000000000e+03 2.380289116892577925e-03
3.124000000000000000e+03 1.889342126738870501e-03
3.125000000000000000e+03 2.452298388897368626e-03
3.126000000000000000e+03 2.795338605082331972e-03
3.127000000000000000e+03 2.183834703393713883e-03
3.128000000000000000e+03 2.246362233353233449e-03
3.129000000000000000e+03 2.019002693132147374e-03
3.130000000000000000e+03 1.412448154988984930e-03
3.131000000000000000e+03 1.929742998735508490e-03
3.132000000000000000e+03 2.213596233069123429e-03
3.133000000000000000e+03 1.577583568548685151e-03
3.134000000000000000e+03 1.659244177262832274e-03
3.135000000000000000e+03 2.851902315340584283e-03
3.136000000000000000e+03 2.068214708089463009e-03
3.137000000000000000e+03 1.379959107459068817e-03
3.138000000000000000e+03 2.204304312574479566e-03
3.139000000000000000e+03 2.270561369229522324e-03
3.140000000000000000e+03 6.459565131274827175e-04
3.141000000000000000e+03 1.533453169856524405e-03
3.142000000000000000e+03 1.901857901765480500e-03
3.143000000000000000e+03 2.163772743772491517e-03
3.144000000000000000e+03 1.673830874288499736e-03
3.145000000000000000e+03 1.036098924411969335e-03
3.146000000000000000e+03 1.241478062619017679e-03
3.147000000000000000e+03 1.975251937541241606e-03
3.148000000000000000e+03 2.109914768567853951e-03
3.149000000000000000e+03 8.702586816519889247e-04
3.150000000000000000e+03 7.041663807674049041e-04
3.151000000000000000e+03 1.512952442388770281e-03
3.152000000000000000e+03 1.907448302022891028e-03
3.153000000000000000e+03 1.529589834526953003e-03
3.154000000000000000e+03 1.264337556240468976e-03
3.155000000000000000e+03 2.181972273917476713e-03
3.156000000000000000e+03 1.824972394189655536e-03
3.157000000000000000e+03 1.698885763056960955e-03
3.158000000000000000e+03 2.283674615366303347e-03
3.159000000000000000e+03 2.718975884727907032e-03
3.160000000000000000e+03 2.736601282477961992e-03
3.161000000000000000e+03 1.686961235483124596e-03
3.162000000000000000e+03 2.136716949150696283e-03
3.163000000000000000e+03 2.815260532412107441e-03
3.164000000000000000e+03 2.328050848525670211e-03
3.165000000000000000e+03 1.771928162189756505e-03
3.166000000000000000e+03 2.402926114762064108e-03
3.167000000000000000e+03 2.193724094998529203e-03
3.168000000000000000e+03 2.361890429710869488e-03
3.169000000000000000e+03 2.328704332552420080e-03
3.170000000000000000e+03 2.153083612192082264e-03
3.171000000000000000e+03 1.909170699207681735e-03
3.172000000000000000e+03 1.789547336282413430e-03
3.173000000000000000e+03 1.900953915528476529e-03
3.174000000000000000e+03 1.787572880973019220e-03
3.175000000000000000e+03 2.373463320641739857e-03
3.176000000000000000e+03 2.059042592999723621e-03
3.177000000000000000e+03 1.179246156385884824e-03
3.178000000000000000e+03 1.114198045180329801e-03
3.179000000000000000e+03 1.789021437232314604e-03
3.180000000000000000e+03 1.475565376486928952e-03
3.181000000000000000e+03 7.908712638023216324e-04
3.182000000000000000e+03 1.919842715730247368e-03
3.183000000000000000e+03 2.244253969409790161e-03
3.184000000000000000e+03 1.867245031148627313e-03
3.185000000000000000e+03 1.502224412949626237e-03
3.186000000000000000e+03 1.333476166270608715e-03
3.187000000000000000e+03 1.623867352700421578e-03
3.188000000000000000e+03 1.853229354689191286e-03
3.189000000000000000e+03 1.038546377683582760e-03
3.190000000000000000e+03 1.479998176468382606e-03
3.191000000000000000e+03 2.020743761289130885e-03
3.192000000000000000e+03 1.771528292201959539e-03
3.193000000000000000e+03 1.552702942187357202e-03
3.194000000000000000e+03 1.471208816308596347e-03
3.195000000000000000e+03 1.498745388464357581e-03
3.196000000000000000e+03 1.700407447290678588e-03
3.197000000000000000e+03 1.778733731554051935e-03
3.198000000000000000e+03 1.672159822277239239e-03
3.199000000000000000e+03 2.071916228326696995e-03
3.200000000000000000e+03 2.795483305116826852e-03
3.201000000000000000e+03 2.290915840748432384e-03
3.202000000000000000e+03 2.034698757088940300e-03
3.203000000000000000e+03 2.414886428365936675e-03
3.204000000000000000e+03 2.155836024676179453e-03
3.205000000000000000e+03 1.841976982114297600e-03
3.206000000000000000e+03 2.298600501720141163e-03
3.207000000000000000e+03 2.858977057887326402e-03
3.208000000000000000e+03 2.364278758237204833e-03
3.209000000000000000e+03 1.655292154815344837e-03
3.210000000000000000e+03 1.519673992378197877e-03
3.211000000000000000e+03 1.647551480927057430e-03
3.212000000000000000e+03 1.751564355184750043e-03
3.213000000000000000e+03 1.377709255309829883e-03
3.214000000000000000e+03 1.250631506736564480e-03
3.215000000000000000e+03 2.073848673948656962e-03
3.216000000000000000e+03 1.089140044583169781e-03
3.217000000000000000e+03 1.214482948656849057e-03
3.218000000000000000e+03 1.503691640181114859e-03
3.219000000000000000e+03 2.077607763016818109e-03
3.220000000000000000e+03 2.002225268702518407e-03
3.221000000000000000e+03 1.484711041032728751e-03
3.222000000000000000e+03 2.123413881463287987e-03
3.223000000000000000e+03 3.154645905790319678e-03
3.224000000000000000e+03 2.491546328361098159e-03
3.225000000000000000e+03 1.603441309121438887e-03
3.226000000000000000e+03 1.831449665626226847e-03
3.227000000000000000e+03 2.456528920013399588e-03
3.228000000000000000e+03 2.100205863027569935e-03
3.229000000000000000e+03 1.457610124894800690e-03
3.230000000000000000e+03 2.121526557357459979e-03
3.231000000000000000e+03 1.877262007730093676e-03
3.232000000000000000e+03 1.454425168221569562e-03
3.233000000000000000e+03 1.474851211800552470e-03
3.234000000000000000e+03 1.879150887750270652e-03
3.235000000000000000e+03 1.774076879906284201e-03
3.236000000000000000e+03 1.273414760554895161e-03
3.237000000000000000e+03 1.261157267310286266e-03
3.238000000000000000e+03 1.263310652769862163e-03
3.239000000000000000e+03 2.167013713362301273e-03
3.240000000000000000e+03 2.440509225871930529e-03
3.241000000000000000e+03 1.697768616554088490e-03
3.242000000000000000e+03 1.556460475341169165e-03
3.243000000000000000e+03 1.966512366640636375e-03
3.244000000000000000e+03 1.881777271172065547e-03
3.245000000000000000e+03 1.734527093058770572e-03
3.246000000000000000e+03 1.749029770709569984e-03
3.247000000000000000e+03 2.109514898580056984e-03
3.248000000000000000e+03 1.327649267032088689e-03
3.249000000000000000e+03 1.154139922443893395e-03
3.250000000000000000e+03 1.642544548550673757e-03
3.251000000000000000e+03 1.570264547449086315e-03
3.252000000000000000e+03 8.004837026529429368e-04
3.253000000000000000e+03 7.395027515567311914e-04
3.254000000000000000e+03 2.121731938051581254e-03
3.255000000000000000e+03 1.311483316941775565e-03
3.256000000000000000e+03 1.852485627630175982e-03
3.257000000000000000e+03 1.751083577650784043e-03
3.258000000000000000e+03 1.520844039968950170e-03
3.259000000000000000e+03 1.343586497713039314e-03
3.260000000000000000e+03 8.384946902088955293e-04
3.261000000000000000e+03 1.350536767111829408e-03
3.262000000000000000e+03 1.404180026136249296e-03
3.263000000000000000e+03 1.753979134255025845e-03
3.264000000000000000e+03 9.511615600779761400e-04
3.265000000000000000e+03 1.400382039209352707e-03
3.266000000000000000e+03 2.044546139006321595e-03
3.267000000000000000e+03 1.780980471874592068e-03
3.268000000000000000e+03 1.389753588288570501e-03
3.269000000000000000e+03 1.315376214643985790e-03
3.270000000000000000e+03 1.823978164920386346e-03
3.271000000000000000e+03 1.281757573296402226e-03
3.272000000000000000e+03 8.371348210675159636e-04
3.273000000000000000e+03 1.350469862794804977e-03
3.274000000000000000e+03 1.751895764941173179e-03
3.275000000000000000e+03 1.006469647456259033e-03
3.276000000000000000e+03 6.185397463766256331e-04
3.277000000000000000e+03 1.742143293799105520e-03
3.278000000000000000e+03 1.394341979704964403e-03
3.279000000000000000e+03 1.109718567768393921e-03
3.280000000000000000e+03 3.496046188251010749e-04
3.281000000000000000e+03 1.105856788353171919e-03
3.282000000000000000e+03 2.094220260525410209e-03
3.283000000000000000e+03 2.044813756274418883e-03
3.284000000000000000e+03 1.342620274902059114e-03
3.285000000000000000e+03 1.174958056438926051e-03
3.286000000000000000e+03 1.634934571467735976e-03
3.287000000000000000e+03 8.185151940481919224e-04
3.288000000000000000e+03 1.304060049580766691e-03
3.289000000000000000e+03 1.084971750041115049e-03
3.290000000000000000e+03 9.686515932796326217e-04
3.291000000000000000e+03 2.273875466793753625e-04
3.292000000000000000e+03 3.888696733466737404e-04
3.293000000000000000e+03 1.536608564157116927e-03
3.294000000000000000e+03 1.118173406343058243e-03
3.295000000000000000e+03 8.183736058423961681e-04
3.296000000000000000e+03 8.501484886859354741e-04
3.297000000000000000e+03 1.825198001770319449e-03
3.298000000000000000e+03 1.754978031267343452e-03
3.299000000000000000e+03 1.468213681185992492e-03
3.300000000000000000e+03 1.137700131428084948e-03
3.301000000000000000e+03 1.133270443275330311e-03
3.302000000000000000e+03 1.380968895871832660e-03
3.303000000000000000e+03 1.344655410871080370e-03
3.304000000000000000e+03 2.098668619650358082e-03
3.305000000000000000e+03 1.804351861316997371e-03
3.306000000000000000e+03 1.047285948584187991e-03
3.307000000000000000e+03 8.219662120751711556e-04
3.308000000000000000e+03 9.321358394134576396e-04
3.309000000000000000e+03 1.646681724805740049e-03
3.310000000000000000e+03 1.390337056169597138e-03
3.311000000000000000e+03 4.201108775683672731e-04
3.312000000000000000e+03 1.096941399131084235e-03
3.313000000000000000e+03 8.766332627414992733e-04
3.314000000000000000e+03 2.956237263868603414e-04
3.315000000000000000e+03 7.243714845087720995e-04
3.316000000000000000e+03 1.275645941731941291e-03
3.317000000000000000e+03 1.116723294169413242e-03
3.318000000000000000e+03 1.176118768543581725e-03
3.319000000000000000e+03 1.431702595062865927e-03
3.320000000000000000e+03 1.535990866160403265e-03
3.321000000000000000e+03 1.620610823967118036e-03
3.322000000000000000e+03 1.114621253883367556e-03
3.323000000000000000e+03 1.232369740017603705e-03
3.324000000000000000e+03 1.751695051990100104e-03
3.325000000000000000e+03 1.142459673422913536e-03
3.326000000000000000e+03 7.296071362945183783e-04
3.327000000000000000e+03 1.281594202289714759e-03
3.328000000000000000e+03 1.489971587448065543e-03
3.329000000000000000e+03 8.741344642963555294e-04
3.330000000000000000e+03 6.725579807592519744e-04
3.331000000000000000e+03 1.143509915608761571e-03
3.332000000000000000e+03 1.246824184323571706e-03
3.333000000000000000e+03 1.026903470606988725e-03
3.334000000000000000e+03 6.694694907756839914e-04
3.335000000000000000e+03 1.801681912293419266e-03
3.336000000000000000e+03 1.883784400682797597e-03
3.337000000000000000e+03 1.034031114241610889e-03
3.338000000000000000e+03 6.901911580810535024e-04
3.339000000000000000e+03 1.312259718202128710e-03
3.340000000000000000e+03 1.835085837460785152e-03
3.341000000000000000e+03 1.451260438434880855e-03
3.342000000000000000e+03 1.460357869635849244e-03
3.343000000000000000e+03 1.184645179178318462e-03
3.344000000000000000e+03 1.163011746064197870e-03
3.345000000000000000e+03 1.088152038971297760e-03
3.346000000000000000e+03 1.258924530218890735e-03
3.347000000000000000e+03 1.234159041519418843e-03
3.348000000000000000e+03 5.591567193172523528e-04
3.349000000000000000e+03 3.825557729167901669e-04
3.350000000000000000e+03 1.281961398076174102e-03
3.351000000000000000e+03 1.285928979667155759e-03
