0.000000000000000000e+00 2.346380272410186318e+00
1.000000000000000000e+00 1.723034443993612497e+00
2.000000000000000000e+00 9.750878502376796320e-01
3.000000000000000000e+00 3.476348836170474188e-01
4.000000000000000000e+00 -2.003575430224204326e-02
5.000000000000000000e+00 -3.454584963463980165e-03
6.000000000000000000e+00 6.709622392876686547e-02
7.000000000000000000e+00 5.217745748011272389e-02
8.000000000000000000e+00 6.166137455842227166e-02
9.000000000000000000e+00 5.792052717587543864e-02
1.000000000000000000e+01 5.485367910094960525e-02
1.100000000000000000e+01 5.177184809353817252e-02
1.200000000000000000e+01 4.803835258469544428e-02
1.300000000000000000e+01 4.518429472265754476e-02
1.400000000000000000e+01 4.224609978446912384e-02
1.500000000000000000e+01 4.027993887708039566e-02
1.600000000000000000e+01 3.802449569868857765e-02
1.700000000000000000e+01 3.553232218702422757e-02
1.800000000000000000e+01 3.364180182326467761e-02
1.900000000000000000e+01 3.211581806811371342e-02
2.000000000000000000e+01 3.129956000431806384e-02
2.100000000000000000e+01 2.964741251270292324e-02
2.200000000000000000e+01 2.746926637606602120e-02
2.300000000000000000e+01 2.603367809588332318e-02
2.400000000000000000e+01 2.627785336455243023e-02
2.500000000000000000e+01 2.730674808944345833e-02
2.600000000000000000e+01 2.702754439973347605e-02
2.700000000000000000e+01 2.537749079619862000e-02
2.800000000000000000e+01 2.356178738009000878e-02
2.900000000000000000e+01 2.212565934209105925e-02
3.000000000000000000e+01 2.118902597910206700e-02
3.100000000000000000e+01 2.041993158104370501e-02
3.200000000000000000e+01 2.009370381813511963e-02
3.300000000000000000e+01 1.982309437572355587e-02
3.400000000000000000e+01 1.931841616444373438e-02
3.500000000000000000e+01 1.895277677477953671e-02
3.600000000000000000e+01 1.876475493133908379e-02
3.700000000000000000e+01 1.874188967350235921e-02
3.800000000000000000e+01 1.833837417500809586e-02
3.900000000000000000e+01 1.734075283186730168e-02
4.000000000000000000e+01 1.667216040857805517e-02
4.100000000000000000e+01 1.719129110069647637e-02
4.200000000000000000e+01 1.855587796261898292e-02
4.300000000000000000e+01 1.970939625296401487e-02
4.400000000000000000e+01 2.020193921954742400e-02
4.500000000000000000e+01 1.997664616827787495e-02
4.600000000000000000e+01 1.896617300540874920e-02
4.700000000000000000e+01 1.749253179918031434e-02
4.800000000000000000e+01 1.648205863631118512e-02
4.900000000000000000e+01 1.629948555496409796e-02
5.000000000000000000e+01 1.658437531408321272e-02
5.100000000000000000e+01 1.711264931748554888e-02
5.200000000000000000e+01 1.763427871604644065e-02
5.300000000000000000e+01 1.734208361406943885e-02
5.400000000000000000e+01 1.630525537989644183e-02
5.500000000000000000e+01 1.555394507126664494e-02
5.600000000000000000e+01 1.571485804369432762e-02
5.700000000000000000e+01 1.645084109157643124e-02
5.800000000000000000e+01 1.730472865071713481e-02
5.900000000000000000e+01 1.814882146672672225e-02
6.000000000000000000e+01 1.869692226370705743e-02
6.100000000000000000e+01 1.873159239723197478e-02
6.200000000000000000e+01 1.860640580853859666e-02
6.300000000000000000e+01 1.895004541410591839e-02
6.400000000000000000e+01 1.954072658847002750e-02
6.500000000000000000e+01 2.014058829879503826e-02
6.600000000000000000e+01 2.061364414697791289e-02
6.700000000000000000e+01 2.128896958371643763e-02
6.800000000000000000e+01 2.227459527469950393e-02
6.900000000000000000e+01 2.374208975614114370e-02
7.000000000000000000e+01 2.605455183350146794e-02
7.100000000000000000e+01 2.908468241766832413e-02
7.200000000000000000e+01 3.305588540755437926e-02
7.300000000000000000e+01 3.758087991691452107e-02
7.400000000000000000e+01 4.331036725866311415e-02
7.500000000000000000e+01 5.144934279832786422e-02
7.600000000000000000e+01 6.153527596514281328e-02
7.700000000000000000e+01 7.541631148120712946e-02
7.800000000000000000e+01 9.296086011338637600e-02
7.900000000000000000e+01 1.144494098027464546e-01
8.000000000000000000e+01 1.432956030211547938e-01
8.100000000000000000e+01 1.761833724812853219e-01
8.200000000000000000e+01 2.182404639683739322e-01
8.300000000000000000e+01 2.663201359445203642e-01
8.400000000000000000e+01 3.183639568342645498e-01
8.500000000000000000e+01 3.835519972900435226e-01
8.600000000000000000e+01 4.457812808266856663e-01
8.700000000000000000e+01 5.172541030900205117e-01
8.800000000000000000e+01 5.882369090117220978e-01
8.900000000000000000e+01 6.476214362024874660e-01
9.000000000000000000e+01 7.093343669385309136e-01
9.100000000000000000e+01 7.473947379196617113e-01
9.200000000000000000e+01 7.815972364399809136e-01
9.300000000000000000e+01 7.984139495754526417e-01
9.400000000000000000e+01 8.044620289682437031e-01
9.500000000000000000e+01 8.088098712398423817e-01
9.600000000000000000e+01 8.026617505276597564e-01
9.700000000000000000e+01 7.938818451527887010e-01
9.800000000000000000e+01 7.809779108766784494e-01
9.900000000000000000e+01 7.663393066531666298e-01
1.000000000000000000e+02 7.537057165936442704e-01
1.010000000000000000e+02 7.421465237735399567e-01
1.020000000000000000e+02 7.289694534300679152e-01
1.030000000000000000e+02 7.165959708009634888e-01
1.040000000000000000e+02 7.002873745063077360e-01
1.050000000000000000e+02 6.813986427882772201e-01
1.060000000000000000e+02 6.596947948734175338e-01
1.070000000000000000e+02 6.309015072271710878e-01
1.080000000000000000e+02 6.050764222618458810e-01
1.090000000000000000e+02 5.794514199353034689e-01
1.100000000000000000e+02 5.601732250343397501e-01
1.110000000000000000e+02 5.428162887741542209e-01
1.120000000000000000e+02 5.240829700825271331e-01
1.130000000000000000e+02 5.088278321464866361e-01
1.140000000000000000e+02 4.906863858188870720e-01
1.150000000000000000e+02 4.759514627436820522e-01
1.160000000000000000e+02 4.609545244733639358e-01
1.170000000000000000e+02 4.478507867435480572e-01
1.180000000000000000e+02 4.367422917000137739e-01
1.190000000000000000e+02 4.209883896232490819e-01
1.200000000000000000e+02 4.081854738143009809e-01
1.210000000000000000e+02 3.955060043403973435e-01
1.220000000000000000e+02 3.861141718067741535e-01
1.230000000000000000e+02 3.758694288617810408e-01
1.240000000000000000e+02 3.596320247618551846e-01
1.250000000000000000e+02 3.457060869791802604e-01
1.260000000000000000e+02 3.345645550348237407e-01
1.270000000000000000e+02 3.292875848257326710e-01
1.280000000000000000e+02 3.223907362668860244e-01
1.290000000000000000e+02 3.110836941024944791e-01
1.300000000000000000e+02 3.008477454874385337e-01
1.310000000000000000e+02 2.910153589017231424e-01
1.320000000000000000e+02 2.846318851693164786e-01
1.330000000000000000e+02 2.771896485618245976e-01
1.340000000000000000e+02 2.700916006238855971e-01
1.350000000000000000e+02 2.641949326047223212e-01
1.360000000000000000e+02 2.589300138848045219e-01
1.370000000000000000e+02 2.551436593346461668e-01
1.380000000000000000e+02 2.494640111822929995e-01
1.390000000000000000e+02 2.430740696622605279e-01
1.400000000000000000e+02 2.361464176832105966e-01
1.410000000000000000e+02 2.283965656513015641e-01
1.420000000000000000e+02 2.224438744932790979e-01
1.430000000000000000e+02 2.172751350325157482e-01
1.440000000000000000e+02 2.147503247853067010e-01
1.450000000000000000e+02 2.118659241584431308e-01
1.460000000000000000e+02 2.084640539906715273e-01
1.470000000000000000e+02 2.046310290017458455e-01
1.480000000000000000e+02 1.982941326464139620e-01
1.490000000000000000e+02 1.925909864167153762e-01
1.500000000000000000e+02 1.887194804179586904e-01
1.510000000000000000e+02 1.874684520862570369e-01
1.520000000000000000e+02 1.857611422764379183e-01
1.530000000000000000e+02 1.816279467984916740e-01
1.540000000000000000e+02 1.774545021385577070e-01
1.550000000000000000e+02 1.738480823707652390e-01
1.560000000000000000e+02 1.713283439857950785e-01
1.570000000000000000e+02 1.681305581095819957e-01
1.580000000000000000e+02 1.645323277707257670e-01
1.590000000000000000e+02 1.616273605098291766e-01
1.600000000000000000e+02 1.594806599190735641e-01
1.610000000000000000e+02 1.586322164689416003e-01
1.620000000000000000e+02 1.573536884071188580e-01
1.630000000000000000e+02 1.559726063602083213e-01
1.640000000000000000e+02 1.540740547723897236e-01
1.650000000000000000e+02 1.512056607566288069e-01
1.660000000000000000e+02 1.484942152851968511e-01
1.670000000000000000e+02 1.461904730884197867e-01
1.680000000000000000e+02 1.448593186395125132e-01
1.690000000000000000e+02 1.433303150324413133e-01
1.700000000000000000e+02 1.417016423527485136e-01
1.710000000000000000e+02 1.400128052888821306e-01
1.720000000000000000e+02 1.375527659796232094e-01
1.730000000000000000e+02 1.355647355745070726e-01
1.740000000000000000e+02 1.344429234027821884e-01
1.750000000000000000e+02 1.346285814792342050e-01
1.760000000000000000e+02 1.351139447362445511e-01
1.770000000000000000e+02 1.354192336183502876e-01
1.780000000000000000e+02 1.351442828479856029e-01
1.790000000000000000e+02 1.331189347041941140e-01
1.800000000000000000e+02 1.305272131001083136e-01
1.810000000000000000e+02 1.294697530887175818e-01
1.820000000000000000e+02 1.306145514984793643e-01
1.830000000000000000e+02 1.319283499417433780e-01
1.840000000000000000e+02 1.318244465621149497e-01
1.850000000000000000e+02 1.309984309798651603e-01
1.860000000000000000e+02 1.298546097178741865e-01
1.870000000000000000e+02 1.286731450012842670e-01
1.880000000000000000e+02 1.280526096359798915e-01
1.890000000000000000e+02 1.283781859670412862e-01
1.900000000000000000e+02 1.292226742952438112e-01
1.910000000000000000e+02 1.298178503493536140e-01
1.920000000000000000e+02 1.304152133532361368e-01
1.930000000000000000e+02 1.312059585540446549e-01
1.940000000000000000e+02 1.320638477659610011e-01
1.950000000000000000e+02 1.328694363067164375e-01
1.960000000000000000e+02 1.333713645449841889e-01
1.970000000000000000e+02 1.343968578650158729e-01
1.980000000000000000e+02 1.372629253384654024e-01
1.990000000000000000e+02 1.412058561861829487e-01
2.000000000000000000e+02 1.450593547474491873e-01
2.010000000000000000e+02 1.479090898938724419e-01
2.020000000000000000e+02 1.502296762569842736e-01
2.030000000000000000e+02 1.527961316115679646e-01
2.040000000000000000e+02 1.554777508105673611e-01
2.050000000000000000e+02 1.602584230137842902e-01
2.060000000000000000e+02 1.664789457226985014e-01
2.070000000000000000e+02 1.739955386224636136e-01
2.080000000000000000e+02 1.818645096207177903e-01
2.090000000000000000e+02 1.887312992529007472e-01
2.100000000000000000e+02 1.957774652972948948e-01
2.110000000000000000e+02 2.005532982925040675e-01
2.120000000000000000e+02 2.056414463275995086e-01
2.130000000000000000e+02 2.099566704759919522e-01
2.140000000000000000e+02 2.125938527168430570e-01
2.150000000000000000e+02 2.146259943641839196e-01
2.160000000000000000e+02 2.135066483273091731e-01
2.170000000000000000e+02 2.098347131280268174e-01
2.180000000000000000e+02 2.032943373821373689e-01
2.190000000000000000e+02 1.958664322752839415e-01
2.200000000000000000e+02 1.889145377253489133e-01
2.210000000000000000e+02 1.824782514824727642e-01
2.220000000000000000e+02 1.752726242280532587e-01
2.230000000000000000e+02 1.696595151858069639e-01
2.240000000000000000e+02 1.634078633407658743e-01
2.250000000000000000e+02 1.583302312769180875e-01
2.260000000000000000e+02 1.529655969535324567e-01
2.270000000000000000e+02 1.468672642468145106e-01
2.280000000000000000e+02 1.416854030874147297e-01
2.290000000000000000e+02 1.357788239980047829e-01
2.300000000000000000e+02 1.317567907116986015e-01
2.310000000000000000e+02 1.282416644642065950e-01
2.320000000000000000e+02 1.260403366599786301e-01
2.330000000000000000e+02 1.238138821987872229e-01
2.340000000000000000e+02 1.197856137790864473e-01
2.350000000000000000e+02 1.164540051891199690e-01
2.360000000000000000e+02 1.141186685477536822e-01
2.370000000000000000e+02 1.133540271516794012e-01
2.380000000000000000e+02 1.121744701997848537e-01
2.390000000000000000e+02 1.103664211078808494e-01
2.400000000000000000e+02 1.088019609959834516e-01
2.410000000000000000e+02 1.075444183458098141e-01
2.420000000000000000e+02 1.068193281690298091e-01
2.430000000000000000e+02 1.056910016788329409e-01
2.440000000000000000e+02 1.045265207211164421e-01
2.450000000000000000e+02 1.033674373415624653e-01
2.460000000000000000e+02 1.022886196717528035e-01
2.470000000000000000e+02 1.015768373169941841e-01
2.480000000000000000e+02 1.009248936304855265e-01
2.490000000000000000e+02 1.008463960928979164e-01
2.500000000000000000e+02 1.012944881420791421e-01
2.510000000000000000e+02 1.020825345538064061e-01
2.520000000000000000e+02 1.019569477998354678e-01
2.530000000000000000e+02 1.001209802001943178e-01
2.540000000000000000e+02 9.842269737454353851e-02
2.550000000000000000e+02 9.888614460298021658e-02
2.560000000000000000e+02 1.005573464761259639e-01
2.570000000000000000e+02 1.014230063393624925e-01
2.580000000000000000e+02 1.010117667203943026e-01
2.590000000000000000e+02 9.989195537505723976e-02
2.600000000000000000e+02 9.826104921474543286e-02
2.610000000000000000e+02 9.706976648960129184e-02
2.620000000000000000e+02 9.750785440684338334e-02
2.630000000000000000e+02 9.924177986070525925e-02
2.640000000000000000e+02 1.006654841627611929e-01
2.650000000000000000e+02 1.012540528367065207e-01
2.660000000000000000e+02 1.007679450861565240e-01
2.670000000000000000e+02 9.872831197257286862e-02
2.680000000000000000e+02 9.682440933743796663e-02
2.690000000000000000e+02 9.706618361444169230e-02
2.700000000000000000e+02 9.923712677608241550e-02
2.710000000000000000e+02 1.015622266312784239e-01
2.720000000000000000e+02 1.032082553166144973e-01
2.730000000000000000e+02 1.045267068445013686e-01
2.740000000000000000e+02 1.057024017361589407e-01
2.750000000000000000e+02 1.063340114428657085e-01
2.760000000000000000e+02 1.065449357688198762e-01
2.770000000000000000e+02 1.067724716068776253e-01
2.780000000000000000e+02 1.091660648677221235e-01
2.790000000000000000e+02 1.141464474629521608e-01
2.800000000000000000e+02 1.191740588671041934e-01
2.810000000000000000e+02 1.227212913984939008e-01
2.820000000000000000e+02 1.236233383834811905e-01
2.830000000000000000e+02 1.233477827121155224e-01
2.840000000000000000e+02 1.209935545471804152e-01
2.850000000000000000e+02 1.172784852534442118e-01
2.860000000000000000e+02 1.126990589601658821e-01
2.870000000000000000e+02 1.081539259005580150e-01
2.880000000000000000e+02 1.039908576193330214e-01
2.890000000000000000e+02 1.012243196259664524e-01
2.900000000000000000e+02 9.850733698383332126e-02
2.910000000000000000e+02 9.688085125391324159e-02
2.920000000000000000e+02 9.561577060665056582e-02
2.930000000000000000e+02 9.449219026276899080e-02
2.940000000000000000e+02 9.441108699779257596e-02
2.950000000000000000e+02 9.528823998004758156e-02
2.960000000000000000e+02 9.670584874124754649e-02
2.970000000000000000e+02 9.697093497221179192e-02
2.980000000000000000e+02 9.602528858430831038e-02
2.990000000000000000e+02 9.516269975692286109e-02
3.000000000000000000e+02 9.493418677109430326e-02
3.010000000000000000e+02 9.510211659513324867e-02
3.020000000000000000e+02 9.548390218843876009e-02
3.030000000000000000e+02 9.600048764326847561e-02
3.040000000000000000e+02 9.627776495594460304e-02
3.050000000000000000e+02 9.621559974538321236e-02
3.060000000000000000e+02 9.593981141978639993e-02
3.070000000000000000e+02 9.550209574931414758e-02
3.080000000000000000e+02 9.520420527175876835e-02
3.090000000000000000e+02 9.542615740826909665e-02
3.100000000000000000e+02 9.587587803706833223e-02
3.110000000000000000e+02 9.596880013698680378e-02
3.120000000000000000e+02 9.568742810984257052e-02
3.130000000000000000e+02 9.562377391220187872e-02
3.140000000000000000e+02 9.612230539869490165e-02
3.150000000000000000e+02 9.605669690551260631e-02
3.160000000000000000e+02 9.406140768838477939e-02
3.170000000000000000e+02 9.172458205993917757e-02
3.180000000000000000e+02 9.134707730448669849e-02
3.190000000000000000e+02 9.293359303749643141e-02
3.200000000000000000e+02 9.398090932440934797e-02
3.210000000000000000e+02 9.313558344097469521e-02
3.220000000000000000e+02 9.191954630563693718e-02
3.230000000000000000e+02 9.150607320604975392e-02
3.240000000000000000e+02 9.167339812908774366e-02
3.250000000000000000e+02 9.215731892986499252e-02
3.260000000000000000e+02 9.280228298943936360e-02
3.270000000000000000e+02 9.280307401382524579e-02
3.280000000000000000e+02 9.170099092090129578e-02
3.290000000000000000e+02 9.087474268442036207e-02
3.300000000000000000e+02 9.163519630433407392e-02
3.310000000000000000e+02 9.320607767301100632e-02
3.320000000000000000e+02 9.425646499577500226e-02
3.330000000000000000e+02 9.465704905095687072e-02
3.340000000000000000e+02 9.520285587721813436e-02
3.350000000000000000e+02 9.610788083636404022e-02
3.360000000000000000e+02 9.660282944769747748e-02
3.370000000000000000e+02 9.610304162835628383e-02
3.380000000000000000e+02 9.541950349725840386e-02
3.390000000000000000e+02 9.584726156663775365e-02
3.400000000000000000e+02 9.737342679208903229e-02
3.410000000000000000e+02 9.944498006618548991e-02
3.420000000000000000e+02 1.016706435029910149e-01
3.430000000000000000e+02 1.034436083368386744e-01
3.440000000000000000e+02 1.047298605191353538e-01
3.450000000000000000e+02 1.047279062235937364e-01
3.460000000000000000e+02 1.037251664873678203e-01
3.470000000000000000e+02 1.018985981186648349e-01
3.480000000000000000e+02 1.007248575225488524e-01
3.490000000000000000e+02 1.007822765867949222e-01
3.500000000000000000e+02 1.003662908215113975e-01
3.510000000000000000e+02 9.799577686039630253e-02
3.520000000000000000e+02 9.537613674857335633e-02
3.530000000000000000e+02 9.402720751640677999e-02
3.540000000000000000e+02 9.402576506017369662e-02
3.550000000000000000e+02 9.394563894296807660e-02
3.560000000000000000e+02 9.359833270671794048e-02
3.570000000000000000e+02 9.299608396398140187e-02
3.580000000000000000e+02 9.173947193073232753e-02
3.590000000000000000e+02 9.101233439671828351e-02
3.600000000000000000e+02 9.221008490948820469e-02
3.610000000000000000e+02 9.412329371386880805e-02
3.620000000000000000e+02 9.388203127617361643e-02
3.630000000000000000e+02 9.124173146862518680e-02
3.640000000000000000e+02 8.925993619690365810e-02
3.650000000000000000e+02 8.988312382044305604e-02
3.660000000000000000e+02 9.131017834342743111e-02
3.670000000000000000e+02 9.178567706103731016e-02
3.680000000000000000e+02 9.153873786010222058e-02
3.690000000000000000e+02 9.064139049058402009e-02
3.700000000000000000e+02 8.924448795595577022e-02
3.710000000000000000e+02 8.832401475586196260e-02
3.720000000000000000e+02 8.837785094494843285e-02
3.730000000000000000e+02 8.907362668860441257e-02
3.740000000000000000e+02 8.981849247503155553e-02
3.750000000000000000e+02 9.065413994245065388e-02
3.760000000000000000e+02 9.147596774853987422e-02
3.770000000000000000e+02 9.189595516659904151e-02
3.780000000000000000e+02 9.169889703282099735e-02
3.790000000000000000e+02 9.078437978104444972e-02
3.800000000000000000e+02 8.972826916419433807e-02
3.810000000000000000e+02 8.896088244819255753e-02
3.820000000000000000e+02 8.897144495028644351e-02
3.830000000000000000e+02 9.047508924616307069e-02
3.840000000000000000e+02 9.255692583727605227e-02
3.850000000000000000e+02 9.280512137105931258e-02
3.860000000000000000e+02 9.065334891806477169e-02
3.870000000000000000e+02 8.878815994699205960e-02
3.880000000000000000e+02 8.910847829242961315e-02
3.890000000000000000e+02 9.027123760883565273e-02
3.900000000000000000e+02 9.083342329296938134e-02
3.910000000000000000e+02 9.100358659762730618e-02
3.920000000000000000e+02 9.074501468513507252e-02
3.930000000000000000e+02 9.013322711892168826e-02
3.940000000000000000e+02 9.002490330890154657e-02
3.950000000000000000e+02 9.087567330134492527e-02
3.960000000000000000e+02 9.194495214767774149e-02
3.970000000000000000e+02 9.276431381891683814e-02
3.980000000000000000e+02 9.307272026771988560e-02
3.990000000000000000e+02 9.283094599071617381e-02
4.000000000000000000e+02 9.210306396316246536e-02
4.010000000000000000e+02 9.187552812510470235e-02
4.020000000000000000e+02 9.247279806729477580e-02
4.030000000000000000e+02 9.268055829570538695e-02
4.040000000000000000e+02 9.164473512781093345e-02
4.050000000000000000e+02 9.015309579026128950e-02
4.060000000000000000e+02 8.893594191461404175e-02
4.070000000000000000e+02 8.837826972256448976e-02
4.080000000000000000e+02 8.874958587546856459e-02
4.090000000000000000e+02 9.000540688433177061e-02
4.100000000000000000e+02 9.067759148894985466e-02
4.110000000000000000e+02 8.970142086592045039e-02
4.120000000000000000e+02 8.840646741537901143e-02
4.130000000000000000e+02 8.804413171579703046e-02
4.140000000000000000e+02 8.824984458697360257e-02
4.150000000000000000e+02 8.851693164432565541e-02
4.160000000000000000e+02 8.852623781357138455e-02
4.170000000000000000e+02 8.703501725363778363e-02
4.180000000000000000e+02 8.370229192336184343e-02
4.190000000000000000e+02 8.156624689639256631e-02
4.200000000000000000e+02 8.287278652764490383e-02
4.210000000000000000e+02 8.581953848845476351e-02
4.220000000000000000e+02 8.741252200909027659e-02
4.230000000000000000e+02 8.761204627771843056e-02
4.240000000000000000e+02 8.697196795699806138e-02
4.250000000000000000e+02 8.554784487732608467e-02
4.260000000000000000e+02 8.464714728687942891e-02
4.270000000000000000e+02 8.521347421632749497e-02
4.280000000000000000e+02 8.633854354728837110e-02
4.290000000000000000e+02 8.731559825639613470e-02
4.300000000000000000e+02 8.763945294614707004e-02
4.310000000000000000e+02 8.636278611817345408e-02
4.320000000000000000e+02 8.392354609717875280e-02
4.330000000000000000e+02 8.261891423062177331e-02
4.340000000000000000e+02 8.343366934808424396e-02
4.350000000000000000e+02 8.467320456076742052e-02
4.360000000000000000e+02 8.490916248199256722e-02
4.370000000000000000e+02 8.494140835842897697e-02
4.380000000000000000e+02 8.570400239726920499e-02
4.390000000000000000e+02 8.629945763645636980e-02
4.400000000000000000e+02 8.520137619630806236e-02
4.410000000000000000e+02 8.255130491105162893e-02
4.420000000000000000e+02 8.099824485648025874e-02
4.430000000000000000e+02 8.200126377778356457e-02
4.440000000000000000e+02 8.397775453303504833e-02
4.450000000000000000e+02 8.533571074936997791e-02
4.460000000000000000e+02 8.610067786136786638e-02
4.470000000000000000e+02 8.621170046046926216e-02
4.480000000000000000e+02 8.554309873101076378e-02
4.490000000000000000e+02 8.486705206615569042e-02
4.500000000000000000e+02 8.449378161771001206e-02
4.510000000000000000e+02 8.465184690234850429e-02
4.520000000000000000e+02 8.545157255647914396e-02
4.530000000000000000e+02 8.689756513387855708e-02
4.540000000000000000e+02 8.879886204162464047e-02
4.550000000000000000e+02 9.081378727586092436e-02
4.560000000000000000e+02 9.312837115980926450e-02
4.570000000000000000e+02 9.493162757455171630e-02
4.580000000000000000e+02 9.554685842338604684e-02
4.590000000000000000e+02 9.456305674157512720e-02
4.600000000000000000e+02 9.352495356221546263e-02
4.610000000000000000e+02 9.424045838467237646e-02
4.620000000000000000e+02 9.511193460368747021e-02
4.630000000000000000e+02 9.446450440926298930e-02
4.640000000000000000e+02 9.296928219655374581e-02
4.650000000000000000e+02 9.211958241357361132e-02
4.660000000000000000e+02 9.214964134023727327e-02
4.670000000000000000e+02 9.202479907980598561e-02
4.680000000000000000e+02 9.134391320694315586e-02
4.690000000000000000e+02 9.050472939521067572e-02
4.700000000000000000e+02 8.959342277182390235e-02
4.710000000000000000e+02 8.883157322652332488e-02
4.720000000000000000e+02 8.785861323188368099e-02
4.730000000000000000e+02 8.725561999560749182e-02
4.740000000000000000e+02 8.757147137980710039e-02
4.750000000000000000e+02 8.887247384035826259e-02
4.760000000000000000e+02 8.952269588555646085e-02
4.770000000000000000e+02 8.859347488637167589e-02
4.780000000000000000e+02 8.729186752481955802e-02
4.790000000000000000e+02 8.685168571949716809e-02
4.800000000000000000e+02 8.681073857481602651e-02
4.810000000000000000e+02 8.628638246866614236e-02
4.820000000000000000e+02 8.568804231701279694e-02
4.830000000000000000e+02 8.560177412810501818e-02
4.840000000000000000e+02 8.623882794382051187e-02
4.850000000000000000e+02 8.730219737268229974e-02
4.860000000000000000e+02 8.865377886308392630e-02
4.870000000000000000e+02 8.942754030501900986e-02
4.880000000000000000e+02 8.901211290989022307e-02
4.890000000000000000e+02 8.776852951358514454e-02
4.900000000000000000e+02 8.699551256518972542e-02
4.910000000000000000e+02 8.682181291621841879e-02
4.920000000000000000e+02 8.721029895138085464e-02
4.930000000000000000e+02 8.806004526520722075e-02
4.940000000000000000e+02 8.791579964189862040e-02
4.950000000000000000e+02 8.549782421763035822e-02
4.960000000000000000e+02 8.351035218266894544e-02
4.970000000000000000e+02 8.450685678550023949e-02
4.980000000000000000e+02 8.719796827713027776e-02
4.990000000000000000e+02 8.858156298973716980e-02
5.000000000000000000e+02 8.857300131403109122e-02
5.010000000000000000e+02 8.847430938918028620e-02
5.020000000000000000e+02 8.850911446215926903e-02
5.030000000000000000e+02 8.850199524268628770e-02
5.040000000000000000e+02 8.831475511746246509e-02
5.050000000000000000e+02 8.907711650207154885e-02
5.060000000000000000e+02 9.209841087853960773e-02
5.070000000000000000e+02 9.590230755772616300e-02
5.080000000000000000e+02 9.795445746894530792e-02
5.090000000000000000e+02 9.829846001511322040e-02
5.100000000000000000e+02 9.972123370024457700e-02
5.110000000000000000e+02 1.029444254184984364e-01
5.120000000000000000e+02 1.083110140374256847e-01
5.130000000000000000e+02 1.150382111309229266e-01
5.140000000000000000e+02 1.259270340494120510e-01
5.150000000000000000e+02 1.429046043202960026e-01
5.160000000000000000e+02 1.635021348352249659e-01
5.170000000000000000e+02 1.895776488149523986e-01
5.180000000000000000e+02 2.132691083573122204e-01
5.190000000000000000e+02 2.299567914561921611e-01
5.200000000000000000e+02 2.337039205029798616e-01
5.210000000000000000e+02 2.195105699470293048e-01
5.220000000000000000e+02 1.888963441644735120e-01
5.230000000000000000e+02 1.524350522448341405e-01
5.240000000000000000e+02 1.237962935389128327e-01
5.250000000000000000e+02 1.086213747817703357e-01
5.260000000000000000e+02 9.605590588112672412e-02
5.270000000000000000e+02 9.318276571905048655e-02
5.280000000000000000e+02 9.119613123932117371e-02
5.290000000000000000e+02 8.993360978860105714e-02
5.300000000000000000e+02 9.008204318807024047e-02
5.310000000000000000e+02 9.046126958483317881e-02
5.320000000000000000e+02 9.188906860135721832e-02
5.330000000000000000e+02 9.416977802925115271e-02
5.340000000000000000e+02 9.587420292660410459e-02
5.350000000000000000e+02 9.582920759830106106e-02
5.360000000000000000e+02 9.349559259824523350e-02
5.370000000000000000e+02 8.966117168393272774e-02
5.380000000000000000e+02 8.513939710913158432e-02
5.390000000000000000e+02 8.092607551397973387e-02
5.400000000000000000e+02 7.824962123891170129e-02
5.410000000000000000e+02 7.693023909410026673e-02
5.420000000000000000e+02 7.601846716225120482e-02
5.430000000000000000e+02 7.581238204430480743e-02
5.440000000000000000e+02 7.443139305908673398e-02
5.450000000000000000e+02 7.303030274829790114e-02
5.460000000000000000e+02 7.261696924124941277e-02
5.470000000000000000e+02 7.324383280164087351e-02
5.480000000000000000e+02 7.319944237433879952e-02
5.490000000000000000e+02 7.192328738567371760e-02
5.500000000000000000e+02 7.158607834305517892e-02
5.510000000000000000e+02 7.376786319186716401e-02
5.520000000000000000e+02 7.576543242046017423e-02
5.530000000000000000e+02 7.449299989949338674e-02
5.540000000000000000e+02 7.193650214600263992e-02
5.550000000000000000e+02 7.165457174870365487e-02
5.560000000000000000e+02 7.317403653229799521e-02
5.570000000000000000e+02 7.308251035776637539e-02
5.580000000000000000e+02 7.078812086108123014e-02
5.590000000000000000e+02 6.902092585216591802e-02
5.600000000000000000e+02 6.926688790533021278e-02
5.610000000000000000e+02 7.012859264663731662e-02
5.620000000000000000e+02 7.002766724116751829e-02
5.630000000000000000e+02 6.990794337382137680e-02
5.640000000000000000e+02 7.060171829108953523e-02
5.650000000000000000e+02 7.152675151411373722e-02
5.660000000000000000e+02 7.143480656196606049e-02
5.670000000000000000e+02 7.035961829816221591e-02
5.680000000000000000e+02 7.012282282170496928e-02
5.690000000000000000e+02 7.142819918180159933e-02
5.700000000000000000e+02 7.226589400645476446e-02
5.710000000000000000e+02 7.095930784435618144e-02
5.720000000000000000e+02 6.984317243587119528e-02
5.730000000000000000e+02 7.163768105152268362e-02
5.740000000000000000e+02 7.457010151169413126e-02
5.750000000000000000e+02 7.569116918987936482e-02
5.760000000000000000e+02 7.497575742911491425e-02
5.770000000000000000e+02 7.466725791861941741e-02
5.780000000000000000e+02 7.521450720111376442e-02
5.790000000000000000e+02 7.609482428091231265e-02
5.800000000000000000e+02 7.712385394525739235e-02
5.810000000000000000e+02 7.774355175532965401e-02
5.820000000000000000e+02 7.771526100082266908e-02
5.830000000000000000e+02 7.686383957653208920e-02
5.840000000000000000e+02 7.536061405827151893e-02
5.850000000000000000e+02 7.379475802098728332e-02
5.860000000000000000e+02 7.328557097070791115e-02
5.870000000000000000e+02 7.399321208015217921e-02
5.880000000000000000e+02 7.423037980337926500e-02
5.890000000000000000e+02 7.349333119911852230e-02
5.900000000000000000e+02 7.294422068277503501e-02
5.910000000000000000e+02 7.314020860708982108e-02
5.920000000000000000e+02 7.403057634967373513e-02
5.930000000000000000e+02 7.584164994658258718e-02
5.940000000000000000e+02 7.734501505738183846e-02
5.950000000000000000e+02 7.690222752467065770e-02
5.960000000000000000e+02 7.500958535432308838e-02
5.970000000000000000e+02 7.448448475463355367e-02
5.980000000000000000e+02 7.560741366666791363e-02
5.990000000000000000e+02 7.651634721689702656e-02
6.000000000000000000e+02 7.641732957612261401e-02
6.010000000000000000e+02 7.616643525325809960e-02
6.020000000000000000e+02 7.623092700613090522e-02
6.030000000000000000e+02 7.648126295884066783e-02
6.040000000000000000e+02 7.678990206187485956e-02
6.050000000000000000e+02 7.737744705720317473e-02
6.060000000000000000e+02 7.872153708136198080e-02
6.070000000000000000e+02 8.024235125949695513e-02
6.080000000000000000e+02 8.072441082642504984e-02
6.090000000000000000e+02 8.011122733482481384e-02
6.100000000000000000e+02 8.116287099043698050e-02
6.110000000000000000e+02 8.509593729875410129e-02
6.120000000000000000e+02 8.966987295217745957e-02
6.130000000000000000e+02 9.338810634345721950e-02
6.140000000000000000e+02 9.656676804187032392e-02
6.150000000000000000e+02 1.005662338677556084e-01
6.160000000000000000e+02 1.043183882459359918e-01
6.170000000000000000e+02 1.090470854939156325e-01
6.180000000000000000e+02 1.135397317589776633e-01
6.190000000000000000e+02 1.181597329501673371e-01
6.200000000000000000e+02 1.217620114726454539e-01
6.210000000000000000e+02 1.229859123209958438e-01
6.220000000000000000e+02 1.213834830385759345e-01
6.230000000000000000e+02 1.167693912648573029e-01
6.240000000000000000e+02 1.099790983438741349e-01
6.250000000000000000e+02 1.029725765804667265e-01
6.260000000000000000e+02 9.702193277967831320e-02
6.270000000000000000e+02 9.342235304628145054e-02
6.280000000000000000e+02 8.901467210643281003e-02
6.290000000000000000e+02 8.551313286603955122e-02
6.300000000000000000e+02 8.144331240065665056e-02
6.310000000000000000e+02 7.789189209310636020e-02
6.320000000000000000e+02 7.559708381880515804e-02
6.330000000000000000e+02 7.515117871939666627e-02
6.340000000000000000e+02 7.546884480659919736e-02
6.350000000000000000e+02 7.483788653173961691e-02
6.360000000000000000e+02 7.441333909075005526e-02
6.370000000000000000e+02 7.441119867182352521e-02
6.380000000000000000e+02 7.462593852716843668e-02
6.390000000000000000e+02 7.422102710328731812e-02
6.400000000000000000e+02 7.362543227156145842e-02
6.410000000000000000e+02 7.386199509378757466e-02
6.420000000000000000e+02 7.499753386514988740e-02
6.430000000000000000e+02 7.610515412877505437e-02
6.440000000000000000e+02 7.666143039543774074e-02
6.450000000000000000e+02 7.578851172018954974e-02
6.460000000000000000e+02 7.286465293572415292e-02
6.470000000000000000e+02 6.978477622385431678e-02
6.480000000000000000e+02 6.839099125592337791e-02
6.490000000000000000e+02 6.840788195310436304e-02
6.500000000000000000e+02 6.819681803461150049e-02
6.510000000000000000e+02 6.827866579312757978e-02
6.520000000000000000e+02 6.848200559114649144e-02
6.530000000000000000e+02 6.873006153239105687e-02
6.540000000000000000e+02 6.859912373110382822e-02
6.550000000000000000e+02 6.803442538127375816e-02
6.560000000000000000e+02 6.808323623896753163e-02
6.570000000000000000e+02 6.932709882034998605e-02
6.580000000000000000e+02 7.069775795770533167e-02
6.590000000000000000e+02 7.145593156615383246e-02
6.600000000000000000e+02 7.129512096158785450e-02
6.610000000000000000e+02 7.020308853144927030e-02
6.620000000000000000e+02 6.866007913966327980e-02
6.630000000000000000e+02 6.807365088464445435e-02
6.640000000000000000e+02 6.853788913746701461e-02
6.650000000000000000e+02 6.902976671294935862e-02
6.660000000000000000e+02 6.929434110460507001e-02
6.670000000000000000e+02 6.904121330112157617e-02
6.680000000000000000e+02 6.813376873797177824e-02
6.690000000000000000e+02 6.736745223143325578e-02
6.700000000000000000e+02 6.730793927910690144e-02
6.710000000000000000e+02 6.798156633995808273e-02
6.720000000000000000e+02 6.939145098068411066e-02
6.730000000000000000e+02 7.073470344961081679e-02
6.740000000000000000e+02 7.090198184180256102e-02
6.750000000000000000e+02 7.004539549358060335e-02
6.760000000000000000e+02 6.938521584728948866e-02
6.770000000000000000e+02 6.920276839922721857e-02
6.780000000000000000e+02 6.979608321948786720e-02
6.790000000000000000e+02 7.117181421908211347e-02
6.800000000000000000e+02 7.219149118333526016e-02
6.810000000000000000e+02 7.215589508597039514e-02
6.820000000000000000e+02 7.178364831614174324e-02
6.830000000000000000e+02 7.172860232505333389e-02
6.840000000000000000e+02 7.183380856837615069e-02
6.850000000000000000e+02 7.210419931581044106e-02
6.860000000000000000e+02 7.262515867018563831e-02
6.870000000000000000e+02 7.353651182441864331e-02
6.880000000000000000e+02 7.449918850204177712e-02
6.890000000000000000e+02 7.509855233231213512e-02
6.900000000000000000e+02 7.510878911848242745e-02
6.910000000000000000e+02 7.484668086167682588e-02
6.920000000000000000e+02 7.451603266837651673e-02
6.930000000000000000e+02 7.513037943113248796e-02
6.940000000000000000e+02 7.716731375563488926e-02
6.950000000000000000e+02 8.020884905021237465e-02
6.960000000000000000e+02 8.356148958267414772e-02
6.970000000000000000e+02 8.742489921418707122e-02
6.980000000000000000e+02 9.264258912518286149e-02
6.990000000000000000e+02 9.800233770971451819e-02
7.000000000000000000e+02 1.048376724898469892e-01
7.010000000000000000e+02 1.111474878926738269e-01
7.020000000000000000e+02 1.179665834074724862e-01
7.030000000000000000e+02 1.228403638339928272e-01
7.040000000000000000e+02 1.238026682648461357e-01
7.050000000000000000e+02 1.198350295377812041e-01
7.060000000000000000e+02 1.126282855430521951e-01
7.070000000000000000e+02 1.041559490617520178e-01
7.080000000000000000e+02 9.562047022211965508e-02
7.090000000000000000e+02 8.756914483749568545e-02
7.100000000000000000e+02 8.234917491503468412e-02
7.110000000000000000e+02 7.785769192112836079e-02
7.120000000000000000e+02 7.664281805694632410e-02
7.130000000000000000e+02 7.539634974817506496e-02
7.140000000000000000e+02 7.523698159984217038e-02
7.150000000000000000e+02 7.452640904708549008e-02
7.160000000000000000e+02 7.386027345247711540e-02
7.170000000000000000e+02 7.441096601759238094e-02
7.180000000000000000e+02 7.657907079761315516e-02
7.190000000000000000e+02 8.044569105751585292e-02
7.200000000000000000e+02 8.569115988371010795e-02
7.210000000000000000e+02 9.177925580425776164e-02
7.220000000000000000e+02 9.875525333253920568e-02
7.230000000000000000e+02 1.037585291041137059e-01
7.240000000000000000e+02 1.073098563499715191e-01
7.250000000000000000e+02 1.058781952732105180e-01
7.260000000000000000e+02 9.948374026109388368e-02
7.270000000000000000e+02 9.073249788749958300e-02
7.280000000000000000e+02 8.615134995291079401e-02
7.290000000000000000e+02 8.719675847512832478e-02
7.300000000000000000e+02 8.919967875103763932e-02
7.310000000000000000e+02 9.137276233160486483e-02
7.320000000000000000e+02 9.315424231031235736e-02
7.330000000000000000e+02 9.355138308287329341e-02
7.340000000000000000e+02 9.166423155238070941e-02
7.350000000000000000e+02 8.731648234247448015e-02
7.360000000000000000e+02 8.202243531281756816e-02
7.370000000000000000e+02 7.738773037421967094e-02
7.380000000000000000e+02 7.482974363364962300e-02
7.390000000000000000e+02 7.435833963050786366e-02
7.400000000000000000e+02 7.583332092510766675e-02
7.410000000000000000e+02 7.557623799969476197e-02
7.420000000000000000e+02 7.436704089875260937e-02
7.430000000000000000e+02 7.343572601148753987e-02
7.440000000000000000e+02 7.305998942819173780e-02
7.450000000000000000e+02 7.294808274301201045e-02
7.460000000000000000e+02 7.312266647806164865e-02
7.470000000000000000e+02 7.330771965351270958e-02
7.480000000000000000e+02 7.330134492757939269e-02
7.490000000000000000e+02 7.251083238100201889e-02
7.500000000000000000e+02 7.045426203939116061e-02
7.510000000000000000e+02 6.870595855404465491e-02
7.520000000000000000e+02 6.847684066721511364e-02
7.530000000000000000e+02 6.931937469987604905e-02
7.540000000000000000e+02 6.982246620929948022e-02
7.550000000000000000e+02 7.049195202483631018e-02
7.560000000000000000e+02 7.183515796291678468e-02
7.570000000000000000e+02 7.309158387278094637e-02
7.580000000000000000e+02 7.295241011171126055e-02
7.590000000000000000e+02 7.169691481877166206e-02
7.600000000000000000e+02 7.218665197532748989e-02
7.610000000000000000e+02 7.478032787495486611e-02
7.620000000000000000e+02 7.647758702198861891e-02
7.630000000000000000e+02 7.603177498427257652e-02
7.640000000000000000e+02 7.522409255543685558e-02
7.650000000000000000e+02 7.522502317236143266e-02
7.660000000000000000e+02 7.555939383336000847e-02
7.670000000000000000e+02 7.608207482904566499e-02
7.680000000000000000e+02 7.679087920964565439e-02
7.690000000000000000e+02 7.750247544101936115e-02
7.700000000000000000e+02 7.825180818868444910e-02
7.710000000000000000e+02 7.881994982113543768e-02
7.720000000000000000e+02 8.007907452008085347e-02
7.730000000000000000e+02 8.387641034994919309e-02
7.740000000000000000e+02 8.990066594947122847e-02
7.750000000000000000e+02 9.640167659945132750e-02
7.760000000000000000e+02 1.031110523788429933e-01
7.770000000000000000e+02 1.144186529133893598e-01
7.780000000000000000e+02 1.311069409132702424e-01
7.790000000000000000e+02 1.594785660309932795e-01
7.800000000000000000e+02 1.988851674552094273e-01
7.810000000000000000e+02 2.626430358213067140e-01
7.820000000000000000e+02 3.585765190460060148e-01
7.830000000000000000e+02 4.511270701573487640e-01
7.840000000000000000e+02 5.425603691198969125e-01
7.850000000000000000e+02 5.613048552146189252e-01
7.860000000000000000e+02 4.896799236149628753e-01
7.870000000000000000e+02 3.489300231909737704e-01
7.880000000000000000e+02 2.311870670304758679e-01
7.890000000000000000e+02 1.616206135371260344e-01
7.900000000000000000e+02 1.117108833788094807e-01
7.910000000000000000e+02 1.001099523896381432e-01
7.920000000000000000e+02 9.396239004761036684e-02
7.930000000000000000e+02 8.977703349104189379e-02
7.940000000000000000e+02 8.726911394101377617e-02
7.950000000000000000e+02 8.332650880921980974e-02
7.960000000000000000e+02 8.145382837190430492e-02
7.970000000000000000e+02 8.171058558139361605e-02
7.980000000000000000e+02 8.258001444317467077e-02
7.990000000000000000e+02 8.160496056045474234e-02
8.000000000000000000e+02 8.027603959216644824e-02
8.010000000000000000e+02 7.876257728773558564e-02
8.020000000000000000e+02 7.853024877251628399e-02
8.030000000000000000e+02 8.082668562643548216e-02
8.040000000000000000e+02 8.460996914074278563e-02
8.050000000000000000e+02 8.717712245801988169e-02
8.060000000000000000e+02 8.810229527358276469e-02
8.070000000000000000e+02 8.867164670803569237e-02
8.080000000000000000e+02 8.859952389638139914e-02
8.090000000000000000e+02 8.883715692807075959e-02
8.100000000000000000e+02 8.924960634904091639e-02
8.110000000000000000e+02 8.824923968597263302e-02
8.120000000000000000e+02 8.550475731371841304e-02
8.130000000000000000e+02 8.227691251084168211e-02
8.140000000000000000e+02 7.950925777716563725e-02
8.150000000000000000e+02 7.695187593759654499e-02
8.160000000000000000e+02 7.407813087451933787e-02
8.170000000000000000e+02 7.237514843339946935e-02
8.180000000000000000e+02 7.181887216673678298e-02
8.190000000000000000e+02 7.264056038028729456e-02
8.200000000000000000e+02 7.329604041110933388e-02
8.210000000000000000e+02 7.411033022010951599e-02
8.220000000000000000e+02 7.471295120961587988e-02
8.230000000000000000e+02 7.508422083167373695e-02
8.240000000000000000e+02 7.553510473162869387e-02
8.250000000000000000e+02 7.610208309292396112e-02
8.260000000000000000e+02 7.771279486597255926e-02
8.270000000000000000e+02 7.964517437899933106e-02
8.280000000000000000e+02 7.933546506650189512e-02
8.290000000000000000e+02 7.632612911751458784e-02
8.300000000000000000e+02 7.323117641146668910e-02
8.310000000000000000e+02 7.163791370575381401e-02
8.320000000000000000e+02 7.123342105948875236e-02
8.330000000000000000e+02 7.207716489415164074e-02
8.340000000000000000e+02 7.244299040720074412e-02
8.350000000000000000e+02 7.046110207378675216e-02
8.360000000000000000e+02 6.840025089432287542e-02
8.370000000000000000e+02 6.799454844605586079e-02
8.380000000000000000e+02 6.852025394674637893e-02
8.390000000000000000e+02 6.849089298277613591e-02
8.400000000000000000e+02 6.848214518368517245e-02
8.410000000000000000e+02 6.878003566124055168e-02
8.420000000000000000e+02 6.902441566563306818e-02
8.430000000000000000e+02 6.846446346211830514e-02
8.440000000000000000e+02 6.757186223891542554e-02
8.450000000000000000e+02 6.786067920145623378e-02
8.460000000000000000e+02 6.901501643469488967e-02
8.470000000000000000e+02 6.873401665432048169e-02
8.480000000000000000e+02 6.680107877113897197e-02
8.490000000000000000e+02 6.537314016207625145e-02
8.500000000000000000e+02 6.536481114060133102e-02
8.510000000000000000e+02 6.559788414936029710e-02
8.520000000000000000e+02 6.560276988821429900e-02
8.530000000000000000e+02 6.551240698483838665e-02
8.540000000000000000e+02 6.520818831219592215e-02
8.550000000000000000e+02 6.497367284720387270e-02
8.560000000000000000e+02 6.495394376840295247e-02
8.570000000000000000e+02 6.526007020574078887e-02
8.580000000000000000e+02 6.604830274085296549e-02
8.590000000000000000e+02 6.662253991415989507e-02
8.600000000000000000e+02 6.602178015850268533e-02
8.610000000000000000e+02 6.521307405104992405e-02
8.620000000000000000e+02 6.605579420709577210e-02
8.630000000000000000e+02 6.766292310498475682e-02
8.640000000000000000e+02 6.801088077308209412e-02
8.650000000000000000e+02 6.727117991058632895e-02
8.660000000000000000e+02 6.704145712275581814e-02
8.670000000000000000e+02 6.729500370385535502e-02
8.680000000000000000e+02 6.727145909566370485e-02
8.690000000000000000e+02 6.696770573148351502e-02
8.700000000000000000e+02 6.710799623286270443e-02
8.710000000000000000e+02 6.777175875431341867e-02
8.720000000000000000e+02 6.764789364165292584e-02
8.730000000000000000e+02 6.628416760038564892e-02
8.740000000000000000e+02 6.598511385167456222e-02
8.750000000000000000e+02 6.797244629409729400e-02
8.760000000000000000e+02 6.933254292935873975e-02
8.770000000000000000e+02 6.774881904712272418e-02
8.780000000000000000e+02 6.595482227077974213e-02
8.790000000000000000e+02 6.644204676163922851e-02
8.800000000000000000e+02 6.767041457122756343e-02
8.810000000000000000e+02 6.800176072722129150e-02
8.820000000000000000e+02 6.794271308335722570e-02
8.830000000000000000e+02 6.800380808445535830e-02
8.840000000000000000e+02 6.795560212776254050e-02
8.850000000000000000e+02 6.769833307896470920e-02
8.860000000000000000e+02 6.746730742743980991e-02
8.870000000000000000e+02 6.764570669188017804e-02
8.880000000000000000e+02 6.827177922788575659e-02
8.890000000000000000e+02 6.907043467255313818e-02
8.900000000000000000e+02 6.998779030594962092e-02
8.910000000000000000e+02 7.152237761456825549e-02
8.920000000000000000e+02 7.311047539634975279e-02
8.930000000000000000e+02 7.320525873011736462e-02
8.940000000000000000e+02 7.147966229773042302e-02
8.950000000000000000e+02 7.026725456839849615e-02
8.960000000000000000e+02 7.057673122666477394e-02
8.970000000000000000e+02 7.151912045533224960e-02
8.980000000000000000e+02 7.267759893388525683e-02
8.990000000000000000e+02 7.238934034149918650e-02
9.000000000000000000e+02 6.945645457286543645e-02
9.010000000000000000e+02 6.736987183543714786e-02
9.020000000000000000e+02 6.892097759446692840e-02
9.030000000000000000e+02 7.142149873994468878e-02
9.040000000000000000e+02 7.215719794966479750e-02
9.050000000000000000e+02 7.179090712815339170e-02
9.060000000000000000e+02 7.104199315810437454e-02
9.070000000000000000e+02 7.011523829376971328e-02
9.080000000000000000e+02 6.975671812357849000e-02
9.090000000000000000e+02 7.008015403571336843e-02
9.100000000000000000e+02 7.094395266510075682e-02
9.110000000000000000e+02 7.191928573289806115e-02
9.120000000000000000e+02 7.191714531397154497e-02
9.130000000000000000e+02 7.126185140653443217e-02
9.140000000000000000e+02 7.155252960292436681e-02
9.150000000000000000e+02 7.226338134075842301e-02
9.160000000000000000e+02 7.117939874701736946e-02
9.170000000000000000e+02 6.899333306035236590e-02
9.180000000000000000e+02 6.939461507822765329e-02
9.190000000000000000e+02 7.253870435789294691e-02
9.200000000000000000e+02 7.389675363592032586e-02
9.210000000000000000e+02 7.223560242555995825e-02
9.220000000000000000e+02 7.122360305093453081e-02
9.230000000000000000e+02 7.201513927612893107e-02
9.240000000000000000e+02 7.194041073708583311e-02
9.250000000000000000e+02 7.002380518093055672e-02
9.260000000000000000e+02 6.866957143229390770e-02
9.270000000000000000e+02 6.921337743216733618e-02
9.280000000000000000e+02 7.056058502302346713e-02
9.290000000000000000e+02 7.182627057128711245e-02
9.300000000000000000e+02 7.296292608295891491e-02
9.310000000000000000e+02 7.378614981443498699e-02
9.320000000000000000e+02 7.377898406411578791e-02
9.330000000000000000e+02 7.290220332863062147e-02
9.340000000000000000e+02 7.175056488447321967e-02
9.350000000000000000e+02 7.151753840656048522e-02
9.360000000000000000e+02 7.153503400474242602e-02
9.370000000000000000e+02 7.033193244465621441e-02
9.380000000000000000e+02 6.946576074211116558e-02
9.390000000000000000e+02 7.080021888110066275e-02
9.400000000000000000e+02 7.297683880598127004e-02
9.410000000000000000e+02 7.317752634576513149e-02
9.420000000000000000e+02 7.203412386139020074e-02
9.430000000000000000e+02 7.220424063520189395e-02
9.440000000000000000e+02 7.313229836323095756e-02
9.450000000000000000e+02 7.301746023473881797e-02
9.460000000000000000e+02 7.201067231489098608e-02
9.470000000000000000e+02 7.147766147134258785e-02
9.480000000000000000e+02 7.165350153924039678e-02
9.490000000000000000e+02 7.202970343099848738e-02
9.500000000000000000e+02 7.257453310948895620e-02
9.510000000000000000e+02 7.347420702131857162e-02
9.520000000000000000e+02 7.456586720468733054e-02
9.530000000000000000e+02 7.591088784577072757e-02
9.540000000000000000e+02 7.712255108156298999e-02
9.550000000000000000e+02 7.720993601078027235e-02
9.560000000000000000e+02 7.580717058952721188e-02
9.570000000000000000e+02 7.528062753360457993e-02
9.580000000000000000e+02 7.684192354795842117e-02
9.590000000000000000e+02 7.811170381069018620e-02
9.600000000000000000e+02 7.769818418025677131e-02
9.610000000000000000e+02 7.779910958572656965e-02
9.620000000000000000e+02 7.988052739922349432e-02
9.630000000000000000e+02 8.143633277372235024e-02
9.640000000000000000e+02 8.070496093270151938e-02
9.650000000000000000e+02 8.001644400105718813e-02
9.660000000000000000e+02 8.168890220705110616e-02
9.670000000000000000e+02 8.376208406076557367e-02
9.680000000000000000e+02 8.453323977531185252e-02
9.690000000000000000e+02 8.451076537658344656e-02
9.700000000000000000e+02 8.490222938590451240e-02
9.710000000000000000e+02 8.488543175041599054e-02
9.720000000000000000e+02 8.378921154411682337e-02
9.730000000000000000e+02 8.319585019300995699e-02
9.740000000000000000e+02 8.545971545456915175e-02
9.750000000000000000e+02 8.866657484579677784e-02
9.760000000000000000e+02 9.004267809216086327e-02
9.770000000000000000e+02 8.954242496435738108e-02
9.780000000000000000e+02 8.886605258357870019e-02
9.790000000000000000e+02 8.808442742863098474e-02
9.800000000000000000e+02 8.783111350176259213e-02
9.810000000000000000e+02 8.851548918809257205e-02
9.820000000000000000e+02 9.045205647727992682e-02
9.830000000000000000e+02 9.309324037090668802e-02
9.840000000000000000e+02 9.459730344439935823e-02
9.850000000000000000e+02 9.545979921009235813e-02
9.860000000000000000e+02 9.966423341361456412e-02
9.870000000000000000e+02 1.065212515680895172e-01
9.880000000000000000e+02 1.136013851302305339e-01
9.890000000000000000e+02 1.186066617281928554e-01
9.900000000000000000e+02 1.211042048995119857e-01
9.910000000000000000e+02 1.205300142570512878e-01
9.920000000000000000e+02 1.204455607711464177e-01
9.930000000000000000e+02 1.229326345020641115e-01
9.940000000000000000e+02 1.306999821321550570e-01
9.950000000000000000e+02 1.460719124922293388e-01
9.960000000000000000e+02 1.749296453605024004e-01
9.970000000000000000e+02 2.199205067023030924e-01
9.980000000000000000e+02 3.159290907128153303e-01
9.990000000000000000e+02 4.645080386689944829e-01
1.000000000000000000e+03 6.717956067436224865e-01
1.001000000000000000e+03 9.115630083494949965e-01
1.002000000000000000e+03 1.000000000000000000e+00
1.003000000000000000e+03 8.470605533820479982e-01
1.004000000000000000e+03 5.940402361533507758e-01
1.005000000000000000e+03 3.744184109529890003e-01
1.006000000000000000e+03 2.112969915016062461e-01
1.007000000000000000e+03 1.404898860552637463e-01
1.008000000000000000e+03 1.325919728706554390e-01
1.009000000000000000e+03 1.148720960098868760e-01
1.010000000000000000e+03 1.131627853736799222e-01
1.011000000000000000e+03 1.048709885757466431e-01
1.012000000000000000e+03 1.010973834774548802e-01
1.013000000000000000e+03 9.827584602384613344e-02
1.014000000000000000e+03 9.749864129929013135e-02
1.015000000000000000e+03 9.476970022967626250e-02
1.016000000000000000e+03 9.381223500683073813e-02
1.017000000000000000e+03 9.604366826856859662e-02
1.018000000000000000e+03 9.937746380830782267e-02
1.019000000000000000e+03 9.994118501036707014e-02
1.020000000000000000e+03 9.999478854522241000e-02
1.021000000000000000e+03 1.016810664125462060e-01
1.022000000000000000e+03 1.054738887503303690e-01
1.023000000000000000e+03 1.086002963084287953e-01
1.024000000000000000e+03 1.192025822758423087e-01
1.025000000000000000e+03 1.426556642929731056e-01
1.026000000000000000e+03 1.809200265039700162e-01
1.027000000000000000e+03 2.488090895216256704e-01
1.028000000000000000e+03 3.067915957846775732e-01
1.029000000000000000e+03 3.246303124267139184e-01
1.030000000000000000e+03 2.906935050383600561e-01
1.031000000000000000e+03 2.302613358447581915e-01
1.032000000000000000e+03 1.627204631494310327e-01
1.033000000000000000e+03 1.207229776763612261e-01
1.034000000000000000e+03 1.117980821846418504e-01
1.035000000000000000e+03 1.004891787864010816e-01
1.036000000000000000e+03 9.729274230472864660e-02
1.037000000000000000e+03 9.325879712178798686e-02
1.038000000000000000e+03 9.170410848759860678e-02
1.039000000000000000e+03 9.000326646540525444e-02
1.040000000000000000e+03 8.919753833211112315e-02
1.041000000000000000e+03 8.820582640644136774e-02
1.042000000000000000e+03 8.751656498125737205e-02
1.043000000000000000e+03 8.691617747236998759e-02
1.044000000000000000e+03 8.661116777534164091e-02
1.045000000000000000e+03 8.617815172033845006e-02
1.046000000000000000e+03 8.592088267154061876e-02
1.047000000000000000e+03 8.606275522169157255e-02
1.048000000000000000e+03 8.679580217317664492e-02
1.049000000000000000e+03 8.818837733910564469e-02
1.050000000000000000e+03 8.981570062425783818e-02
1.051000000000000000e+03 9.090377793246699756e-02
1.052000000000000000e+03 9.088181537304711177e-02
1.053000000000000000e+03 8.986148697694676390e-02
1.054000000000000000e+03 8.804515539441407079e-02
1.055000000000000000e+03 8.630676297931424990e-02
1.056000000000000000e+03 8.518806837428669065e-02
1.057000000000000000e+03 8.405792718108688610e-02
1.058000000000000000e+03 8.330026541194689160e-02
1.059000000000000000e+03 8.298878792729276477e-02
1.060000000000000000e+03 8.315983531802903506e-02
1.061000000000000000e+03 8.279889554383391970e-02
1.062000000000000000e+03 8.212903748152726446e-02
1.063000000000000000e+03 8.280382781353415322e-02
1.064000000000000000e+03 8.471671090199114906e-02
1.065000000000000000e+03 8.544440680615994488e-02
1.066000000000000000e+03 8.439876562971125595e-02
1.067000000000000000e+03 8.282667445903238446e-02
1.068000000000000000e+03 8.128459568417095715e-02
1.069000000000000000e+03 8.007549164492125393e-02
1.070000000000000000e+03 7.972585886635968899e-02
1.071000000000000000e+03 8.022676342601037236e-02
1.072000000000000000e+03 8.149733471312803346e-02
1.073000000000000000e+03 8.240966501513183329e-02
1.074000000000000000e+03 8.264241230796720572e-02
1.075000000000000000e+03 8.361709394391730887e-02
1.076000000000000000e+03 8.529904444254185480e-02
1.077000000000000000e+03 8.596676208592199386e-02
1.078000000000000000e+03 8.520486600977519864e-02
1.079000000000000000e+03 8.511250228001146501e-02
1.080000000000000000e+03 8.602390196509070164e-02
1.081000000000000000e+03 8.608467125026522671e-02
1.082000000000000000e+03 8.494433980174137533e-02
1.083000000000000000e+03 8.380005323128809913e-02
1.084000000000000000e+03 8.315266956770983597e-02
1.085000000000000000e+03 8.239100614579417114e-02
1.086000000000000000e+03 8.164693138375292425e-02
1.087000000000000000e+03 8.157578571986941196e-02
1.088000000000000000e+03 8.234694143441570469e-02
1.089000000000000000e+03 8.311702693949873932e-02
1.090000000000000000e+03 8.355246259850580837e-02
1.091000000000000000e+03 8.427666868920745402e-02
1.092000000000000000e+03 8.517331809603222170e-02
1.093000000000000000e+03 8.527624432788985520e-02
1.094000000000000000e+03 8.441328325373456676e-02
1.095000000000000000e+03 8.424507424461824545e-02
1.096000000000000000e+03 8.511575943924747090e-02
1.097000000000000000e+03 8.508221069911665879e-02
1.098000000000000000e+03 8.384835224967335243e-02
1.099000000000000000e+03 8.380475284675717451e-02
1.100000000000000000e+03 8.537698360997472702e-02
1.101000000000000000e+03 8.589091680656942007e-02
1.102000000000000000e+03 8.454873454710597203e-02
1.103000000000000000e+03 8.279126448505243208e-02
1.104000000000000000e+03 8.146788068746534106e-02
1.105000000000000000e+03 8.217319525459818030e-02
1.106000000000000000e+03 8.496895461939629746e-02
1.107000000000000000e+03 8.607555120440442409e-02
1.108000000000000000e+03 8.444804179586731796e-02
1.109000000000000000e+03 8.291433857332702884e-02
1.110000000000000000e+03 8.257294175454793494e-02
1.111000000000000000e+03 8.364738552481211509e-02
1.112000000000000000e+03 8.594177502149724646e-02
1.113000000000000000e+03 8.720243523836822275e-02
1.114000000000000000e+03 8.678845029947253320e-02
1.115000000000000000e+03 8.709732205673785532e-02
1.116000000000000000e+03 8.832638782901960917e-02
1.117000000000000000e+03 8.908935411462967635e-02
1.118000000000000000e+03 8.898661400615696937e-02
1.119000000000000000e+03 8.860608474569961479e-02
1.120000000000000000e+03 8.823290735894639969e-02
1.121000000000000000e+03 8.893817539523302118e-02
1.122000000000000000e+03 9.033712528709532397e-02
1.123000000000000000e+03 8.958974683497183955e-02
1.124000000000000000e+03 8.685391920011614753e-02
1.125000000000000000e+03 8.646143151217805523e-02
1.126000000000000000e+03 8.861562356917648819e-02
1.127000000000000000e+03 8.946253150138290533e-02
1.128000000000000000e+03 8.859045038136681427e-02
1.129000000000000000e+03 8.811923250160996757e-02
1.130000000000000000e+03 8.837654808125403050e-02
1.131000000000000000e+03 8.903495955538846818e-02
1.132000000000000000e+03 9.011070618934703680e-02
1.133000000000000000e+03 9.179619303228497840e-02
1.134000000000000000e+03 9.336381724172589103e-02
1.135000000000000000e+03 9.322417817219391667e-02
1.136000000000000000e+03 9.175575772691232923e-02
1.137000000000000000e+03 9.223949240430466545e-02
1.138000000000000000e+03 9.406233830530937035e-02
1.139000000000000000e+03 9.388440434933126300e-02
1.140000000000000000e+03 9.245251061833910378e-02
1.141000000000000000e+03 9.335972252725777132e-02
1.142000000000000000e+03 9.573786754715436775e-02
1.143000000000000000e+03 9.600956115828306048e-02
1.144000000000000000e+03 9.518922233927315513e-02
1.145000000000000000e+03 9.697065578713440215e-02
1.146000000000000000e+03 1.005296140917737308e-01
1.147000000000000000e+03 1.034812052605913607e-01
1.148000000000000000e+03 1.055831897081213194e-01
1.149000000000000000e+03 1.078323512222722769e-01
1.150000000000000000e+03 1.102871790767535748e-01
1.151000000000000000e+03 1.154475895160419763e-01
1.152000000000000000e+03 1.209609364239741802e-01
1.153000000000000000e+03 1.260694184388715111e-01
1.154000000000000000e+03 1.280049620494418117e-01
1.155000000000000000e+03 1.274651111714978080e-01
1.156000000000000000e+03 1.235396759219621887e-01
1.157000000000000000e+03 1.182878789006808484e-01
1.158000000000000000e+03 1.135627645278608072e-01
1.159000000000000000e+03 1.112268229854935508e-01
1.160000000000000000e+03 1.106737573472206387e-01
1.161000000000000000e+03 1.073627619221334262e-01
1.162000000000000000e+03 1.046013423218520033e-01
1.163000000000000000e+03 1.040118895618283301e-01
1.164000000000000000e+03 1.045639315214842296e-01
1.165000000000000000e+03 1.030598684479915456e-01
1.166000000000000000e+03 1.020293497965671370e-01
1.167000000000000000e+03 1.031097029843023732e-01
1.168000000000000000e+03 1.049743801160665374e-01
1.169000000000000000e+03 1.058592106879492623e-01
1.170000000000000000e+03 1.062915753111052380e-01
1.171000000000000000e+03 1.065370255249610126e-01
1.172000000000000000e+03 1.076606058688425738e-01
1.173000000000000000e+03 1.106313677463063860e-01
1.174000000000000000e+03 1.148679082337263069e-01
1.175000000000000000e+03 1.198295854287724505e-01
1.176000000000000000e+03 1.239630600917960568e-01
1.177000000000000000e+03 1.264759119115243802e-01
1.178000000000000000e+03 1.268202867044621318e-01
1.179000000000000000e+03 1.255391529152505847e-01
1.180000000000000000e+03 1.224092555436850221e-01
1.181000000000000000e+03 1.183460889893128004e-01
1.182000000000000000e+03 1.140470575754078814e-01
1.183000000000000000e+03 1.106549123544980501e-01
1.184000000000000000e+03 1.079941389746090497e-01
1.185000000000000000e+03 1.064135326590703451e-01
1.186000000000000000e+03 1.062577008550508462e-01
1.187000000000000000e+03 1.073503847170366177e-01
1.188000000000000000e+03 1.078766020570356560e-01
1.189000000000000000e+03 1.070478411548583808e-01
1.190000000000000000e+03 1.063455510927304032e-01
1.191000000000000000e+03 1.061430023190973876e-01
1.192000000000000000e+03 1.057066825740119731e-01
1.193000000000000000e+03 1.053687755687000016e-01
1.194000000000000000e+03 1.068375682607514282e-01
1.195000000000000000e+03 1.096858144200953816e-01
1.196000000000000000e+03 1.104761408432878289e-01
1.197000000000000000e+03 1.095971731580299285e-01
1.198000000000000000e+03 1.121519492702102161e-01
1.199000000000000000e+03 1.176143449015221304e-01
1.200000000000000000e+03 1.222894386146464313e-01
1.201000000000000000e+03 1.257957240013549971e-01
1.202000000000000000e+03 1.312237333373039716e-01
1.203000000000000000e+03 1.386342359076679354e-01
1.204000000000000000e+03 1.492317757287661140e-01
1.205000000000000000e+03 1.641651063322898119e-01
1.206000000000000000e+03 1.890658560372842356e-01
1.207000000000000000e+03 2.151814796064607238e-01
1.208000000000000000e+03 2.430867725832809301e-01
1.209000000000000000e+03 2.530348348527206026e-01
1.210000000000000000e+03 2.389483656505570763e-01
1.211000000000000000e+03 2.046426617133030035e-01
1.212000000000000000e+03 1.698341454517028615e-01
1.213000000000000000e+03 1.421052043820889843e-01
1.214000000000000000e+03 1.253788541499931131e-01
1.215000000000000000e+03 1.208767621231466860e-01
1.216000000000000000e+03 1.144518294067503189e-01
1.217000000000000000e+03 1.123453779979824291e-01
1.218000000000000000e+03 1.105712498929790621e-01
1.219000000000000000e+03 1.107069803714278433e-01
1.220000000000000000e+03 1.113648800062537608e-01
1.221000000000000000e+03 1.113596220206299198e-01
1.222000000000000000e+03 1.092213435130416771e-01
1.223000000000000000e+03 1.071908304453188104e-01
1.224000000000000000e+03 1.064951012325090624e-01
1.225000000000000000e+03 1.063622091356802163e-01
1.226000000000000000e+03 1.064817934104876906e-01
1.227000000000000000e+03 1.074781118899340721e-01
1.228000000000000000e+03 1.090664888567929453e-01
1.229000000000000000e+03 1.090710023488771219e-01
1.230000000000000000e+03 1.070407219353854134e-01
1.231000000000000000e+03 1.058390163006860674e-01
1.232000000000000000e+03 1.064474536459709963e-01
1.233000000000000000e+03 1.082090184224926421e-01
1.234000000000000000e+03 1.103134224740264929e-01
1.235000000000000000e+03 1.107490907872646924e-01
1.236000000000000000e+03 1.093732201951317512e-01
1.237000000000000000e+03 1.085512527965038637e-01
1.238000000000000000e+03 1.084507461686501362e-01
1.239000000000000000e+03 1.083249267604480398e-01
1.240000000000000000e+03 1.085215661166100271e-01
1.241000000000000000e+03 1.088528657417575235e-01
1.242000000000000000e+03 1.103048607983204144e-01
1.243000000000000000e+03 1.148835425980591213e-01
1.244000000000000000e+03 1.190896984428917726e-01
1.245000000000000000e+03 1.180389388733579376e-01
1.246000000000000000e+03 1.149114145749500215e-01
1.247000000000000000e+03 1.156661914316238493e-01
1.248000000000000000e+03 1.176923771306474520e-01
1.249000000000000000e+03 1.187813385249349568e-01
1.250000000000000000e+03 1.187312248035467671e-01
1.251000000000000000e+03 1.173058453910266336e-01
1.252000000000000000e+03 1.152162846794397011e-01
1.253000000000000000e+03 1.134450880177487325e-01
1.254000000000000000e+03 1.126282390122059773e-01
1.255000000000000000e+03 1.132252297693186749e-01
1.256000000000000000e+03 1.141285796180003809e-01
1.257000000000000000e+03 1.145162280979306751e-01
1.258000000000000000e+03 1.148046262828554404e-01
1.259000000000000000e+03 1.149560376564832398e-01
1.260000000000000000e+03 1.148600445207136750e-01
1.261000000000000000e+03 1.145423319026649261e-01
1.262000000000000000e+03 1.140002475441019431e-01
1.263000000000000000e+03 1.138640982880371050e-01
1.264000000000000000e+03 1.165686571942271960e-01
1.265000000000000000e+03 1.209120790354341751e-01
1.266000000000000000e+03 1.219864762748521375e-01
1.267000000000000000e+03 1.199195760853785375e-01
1.268000000000000000e+03 1.194739036402011761e-01
1.269000000000000000e+03 1.200396721994944904e-01
1.270000000000000000e+03 1.197837060143910753e-01
1.271000000000000000e+03 1.196390881443126220e-01
1.272000000000000000e+03 1.210806602913203356e-01
1.273000000000000000e+03 1.229344957359132517e-01
1.274000000000000000e+03 1.235554964096799158e-01
1.275000000000000000e+03 1.236439515483604423e-01
1.276000000000000000e+03 1.245464173109637751e-01
1.277000000000000000e+03 1.253591716020384383e-01
1.278000000000000000e+03 1.256161614657588799e-01
1.279000000000000000e+03 1.262257620821995441e-01
1.280000000000000000e+03 1.279410286667237440e-01
1.281000000000000000e+03 1.288961208164116079e-01
1.282000000000000000e+03 1.281281291994088856e-01
1.283000000000000000e+03 1.277764025327670361e-01
1.284000000000000000e+03 1.288734602942983032e-01
1.285000000000000000e+03 1.305763031428794907e-01
1.286000000000000000e+03 1.323005036498795806e-01
1.287000000000000000e+03 1.330567229627865056e-01
1.288000000000000000e+03 1.326593960668406291e-01
1.289000000000000000e+03 1.330949713183864069e-01
1.290000000000000000e+03 1.345237940135274590e-01
1.291000000000000000e+03 1.364772519998957712e-01
1.292000000000000000e+03 1.384973421580634467e-01
1.293000000000000000e+03 1.403798871347793908e-01
1.294000000000000000e+03 1.416488298422790559e-01
1.295000000000000000e+03 1.430266547299535729e-01
1.296000000000000000e+03 1.439784431895592132e-01
1.297000000000000000e+03 1.447433637707108978e-01
1.298000000000000000e+03 1.460394804924080303e-01
1.299000000000000000e+03 1.497241186127107604e-01
1.300000000000000000e+03 1.527844989000108067e-01
1.301000000000000000e+03 1.529122726037544788e-01
1.302000000000000000e+03 1.521621023008573048e-01
1.303000000000000000e+03 1.526139633485830427e-01
1.304000000000000000e+03 1.542191379509304516e-01
1.305000000000000000e+03 1.571206153983598919e-01
1.306000000000000000e+03 1.590977110546123452e-01
1.307000000000000000e+03 1.590913828595252599e-01
1.308000000000000000e+03 1.587355614784152769e-01
1.309000000000000000e+03 1.587401680321919029e-01
1.310000000000000000e+03 1.601382338379758741e-01
1.311000000000000000e+03 1.625688191215720890e-01
1.312000000000000000e+03 1.641646410238275233e-01
1.313000000000000000e+03 1.644390799548836879e-01
1.314000000000000000e+03 1.643336875881759584e-01
1.315000000000000000e+03 1.646216669954846668e-01
1.316000000000000000e+03 1.677385357301062196e-01
1.317000000000000000e+03 1.714148448289340154e-01
1.318000000000000000e+03 1.722395110166431431e-01
1.319000000000000000e+03 1.716388908535246283e-01
1.320000000000000000e+03 1.731357881766981133e-01
1.321000000000000000e+03 1.748267656594909847e-01
1.322000000000000000e+03 1.756994516805080453e-01
1.323000000000000000e+03 1.766203901890641415e-01
1.324000000000000000e+03 1.783711132784145392e-01
1.325000000000000000e+03 1.800489690625709793e-01
1.326000000000000000e+03 1.812628192481360034e-01
1.327000000000000000e+03 1.821345746522284592e-01
1.328000000000000000e+03 1.826386433094226991e-01
1.329000000000000000e+03 1.830813843112876482e-01
1.330000000000000000e+03 1.836323560614802897e-01
1.331000000000000000e+03 1.853100722530980349e-01
1.332000000000000000e+03 1.875439251188397993e-01
1.333000000000000000e+03 1.888070980014071032e-01
1.334000000000000000e+03 1.886780214339690287e-01
1.335000000000000000e+03 1.880955483008796281e-01
1.336000000000000000e+03 1.874778047863489838e-01
1.337000000000000000e+03 1.883282955937150005e-01
1.338000000000000000e+03 1.894375909678043812e-01
1.339000000000000000e+03 1.888740093582838009e-01
1.340000000000000000e+03 1.884194495214767673e-01
1.341000000000000000e+03 1.898628363714873757e-01
1.342000000000000000e+03 1.917397976466559406e-01
1.343000000000000000e+03 1.930305167901905650e-01
1.344000000000000000e+03 1.940085951779153828e-01
1.345000000000000000e+03 1.946754752660633803e-01
1.346000000000000000e+03 1.941441395329792097e-01
1.347000000000000000e+03 1.923984417750215226e-01
1.348000000000000000e+03 1.912270277212169689e-01
1.349000000000000000e+03 1.913299539530745885e-01
1.350000000000000000e+03 1.919262002166476078e-01
1.351000000000000000e+03 1.927421651361120314e-01
1.352000000000000000e+03 1.931756930304237285e-01
1.353000000000000000e+03 1.928054005561367079e-01
1.354000000000000000e+03 1.910492798886238019e-01
1.355000000000000000e+03 1.896168277874768771e-01
1.356000000000000000e+03 1.913967257174125913e-01
1.357000000000000000e+03 1.935040146814126227e-01
1.358000000000000000e+03 1.919851082679730203e-01
1.359000000000000000e+03 1.908489180647634786e-01
1.360000000000000000e+03 1.933531151470933296e-01
1.361000000000000000e+03 1.945864617572281297e-01
1.362000000000000000e+03 1.921159530075677857e-01
1.363000000000000000e+03 1.914872747441734024e-01
1.364000000000000000e+03 1.946905047293952251e-01
1.365000000000000000e+03 1.971530101735042284e-01
1.366000000000000000e+03 1.973286175871709069e-01
1.367000000000000000e+03 1.961667423568431989e-01
1.368000000000000000e+03 1.946689609475913962e-01
1.369000000000000000e+03 1.960086305413584751e-01
1.370000000000000000e+03 1.996550668369075077e-01
1.371000000000000000e+03 2.029755545546253481e-01
1.372000000000000000e+03 2.059455254077032782e-01
1.373000000000000000e+03 2.092280904857448387e-01
1.374000000000000000e+03 2.135683947602544652e-01
1.375000000000000000e+03 2.212086666492951714e-01
1.376000000000000000e+03 2.279611765231407128e-01
1.377000000000000000e+03 2.314506642743607845e-01
1.378000000000000000e+03 2.326834059834946011e-01
1.379000000000000000e+03 2.326090031603751107e-01
1.380000000000000000e+03 2.277309884268479689e-01
1.381000000000000000e+03 2.187018638395765435e-01
1.382000000000000000e+03 2.112895930970559166e-01
1.383000000000000000e+03 2.078903286566731179e-01
1.384000000000000000e+03 2.036490420229378484e-01
1.385000000000000000e+03 2.000935735317656838e-01
1.386000000000000000e+03 1.966304222395110213e-01
1.387000000000000000e+03 1.944254184984309797e-01
1.388000000000000000e+03 1.915967152945030338e-01
1.389000000000000000e+03 1.902267075889949033e-01
1.390000000000000000e+03 1.905271107322466240e-01
1.391000000000000000e+03 1.907711184898693291e-01
1.392000000000000000e+03 1.884733322414094969e-01
1.393000000000000000e+03 1.871013702403597490e-01
1.394000000000000000e+03 1.883058677258328262e-01
1.395000000000000000e+03 1.897171482919456920e-01
1.396000000000000000e+03 1.901038196241052192e-01
1.397000000000000000e+03 1.892268062343888946e-01
1.398000000000000000e+03 1.875640264444105310e-01
1.399000000000000000e+03 1.877890496167719525e-01
1.400000000000000000e+03 1.892102877839777486e-01
1.401000000000000000e+03 1.880316149181615604e-01
1.402000000000000000e+03 1.858028339146587105e-01
1.403000000000000000e+03 1.858960817305007895e-01
1.404000000000000000e+03 1.866653296803517104e-01
1.405000000000000000e+03 1.857377837916311669e-01
1.406000000000000000e+03 1.846578493815120015e-01
1.407000000000000000e+03 1.843981607287102642e-01
1.408000000000000000e+03 1.844517642635656041e-01
1.409000000000000000e+03 1.845038322804953834e-01
1.410000000000000000e+03 1.838370452540398214e-01
1.411000000000000000e+03 1.825099855196006537e-01
1.412000000000000000e+03 1.825185471953067184e-01
1.413000000000000000e+03 1.839640279333976114e-01
1.414000000000000000e+03 1.846223928766858313e-01
1.415000000000000000e+03 1.848274077851689567e-01
1.416000000000000000e+03 1.866507655254821541e-01
1.417000000000000000e+03 1.880776804559278481e-01
1.418000000000000000e+03 1.865774794426721395e-01
1.419000000000000000e+03 1.846045715625802830e-01
1.420000000000000000e+03 1.851545196341558841e-01
1.421000000000000000e+03 1.864394224219119434e-01
1.422000000000000000e+03 1.871918727362743562e-01
1.423000000000000000e+03 1.863210014182601904e-01
1.424000000000000000e+03 1.836439422421911882e-01
1.425000000000000000e+03 1.826774965660235561e-01
1.426000000000000000e+03 1.839569087139246439e-01
1.427000000000000000e+03 1.835924791262623923e-01
1.428000000000000000e+03 1.824085948056685946e-01
1.429000000000000000e+03 1.842449346520795839e-01
1.430000000000000000e+03 1.868206031142164714e-01
1.431000000000000000e+03 1.858066029132032226e-01
1.432000000000000000e+03 1.840038118069230455e-01
1.433000000000000000e+03 1.852326449249736828e-01
1.434000000000000000e+03 1.866527663518699753e-01
1.435000000000000000e+03 1.864168084306448425e-01
1.436000000000000000e+03 1.861716839327126893e-01
1.437000000000000000e+03 1.865814345646015782e-01
1.438000000000000000e+03 1.872881915879675008e-01
1.439000000000000000e+03 1.877607588622649815e-01
1.440000000000000000e+03 1.864659450042622513e-01
1.441000000000000000e+03 1.839701234742535663e-01
1.442000000000000000e+03 1.823494541001120517e-01
1.443000000000000000e+03 1.818549242663946852e-01
1.444000000000000000e+03 1.811426300723275595e-01
1.445000000000000000e+03 1.810540818719545697e-01
1.446000000000000000e+03 1.815666656740086149e-01
1.447000000000000000e+03 1.823528043210405070e-01
1.448000000000000000e+03 1.829196896206433109e-01
1.449000000000000000e+03 1.820426762309270141e-01
1.450000000000000000e+03 1.795357803595159507e-01
1.451000000000000000e+03 1.780391156905736239e-01
1.452000000000000000e+03 1.781721008490948777e-01
1.453000000000000000e+03 1.773935001991520377e-01
1.454000000000000000e+03 1.760240508637986590e-01
1.455000000000000000e+03 1.746788440993303215e-01
1.456000000000000000e+03 1.743045499722676306e-01
1.457000000000000000e+03 1.756083908144387140e-01
1.458000000000000000e+03 1.769112545088390165e-01
1.459000000000000000e+03 1.759965976645237740e-01
1.460000000000000000e+03 1.751433615372302577e-01
1.461000000000000000e+03 1.756699045931529035e-01
1.462000000000000000e+03 1.745870852705675713e-01
1.463000000000000000e+03 1.715586716746265450e-01
1.464000000000000000e+03 1.702419417880501329e-01
1.465000000000000000e+03 1.711302621733999940e-01
1.466000000000000000e+03 1.710966203715767464e-01
1.467000000000000000e+03 1.704819478928971677e-01
1.468000000000000000e+03 1.700774087157858883e-01
1.469000000000000000e+03 1.700289235740156946e-01
1.470000000000000000e+03 1.703785098217310279e-01
1.471000000000000000e+03 1.707368438685373524e-01
1.472000000000000000e+03 1.706735619176664720e-01
1.473000000000000000e+03 1.700068679529033455e-01
1.474000000000000000e+03 1.687755221691563945e-01
1.475000000000000000e+03 1.676071326203567025e-01
1.476000000000000000e+03 1.669961826093754043e-01
1.477000000000000000e+03 1.670971080148452026e-01
1.478000000000000000e+03 1.676676227204538516e-01
1.479000000000000000e+03 1.674793123857667987e-01
1.480000000000000000e+03 1.665059801443573018e-01
1.481000000000000000e+03 1.646630329177818652e-01
1.482000000000000000e+03 1.634319197882660446e-01
1.483000000000000000e+03 1.639671641124334223e-01
1.484000000000000000e+03 1.646108718391596226e-01
1.485000000000000000e+03 1.642605410979046388e-01
1.486000000000000000e+03 1.628643830568160256e-01
1.487000000000000000e+03 1.610853692129586845e-01
1.488000000000000000e+03 1.614299301292813071e-01
1.489000000000000000e+03 1.636819765558984452e-01
1.490000000000000000e+03 1.651959972304840318e-01
1.491000000000000000e+03 1.654171583426084780e-01
1.492000000000000000e+03 1.646551226739230156e-01
1.493000000000000000e+03 1.631434285416488439e-01
1.494000000000000000e+03 1.617116744031953657e-01
1.495000000000000000e+03 1.614095961494794174e-01
1.496000000000000000e+03 1.626823543863698263e-01
1.497000000000000000e+03 1.628856941843887240e-01
1.498000000000000000e+03 1.614132255554852624e-01
1.499000000000000000e+03 1.607210792178351000e-01
1.500000000000000000e+03 1.609937034458883420e-01
1.501000000000000000e+03 1.611039350206038834e-01
1.502000000000000000e+03 1.609501971046646274e-01
1.503000000000000000e+03 1.603968057504681077e-01
1.504000000000000000e+03 1.592499134526260129e-01
1.505000000000000000e+03 1.574649436604513841e-01
1.506000000000000000e+03 1.565188784949318734e-01
1.507000000000000000e+03 1.572275898138393857e-01
1.508000000000000000e+03 1.574080364355138484e-01
1.509000000000000000e+03 1.567729369153399166e-01
1.510000000000000000e+03 1.577662308897814503e-01
1.511000000000000000e+03 1.593939729525497007e-01
1.512000000000000000e+03 1.584798279475430061e-01
1.513000000000000000e+03 1.561819951682369145e-01
1.514000000000000000e+03 1.550096039666615799e-01
1.515000000000000000e+03 1.546929150272298437e-01
1.516000000000000000e+03 1.549048165009548061e-01
1.517000000000000000e+03 1.547192049553489934e-01
1.518000000000000000e+03 1.536417832109261972e-01
1.519000000000000000e+03 1.531129601435383680e-01
1.520000000000000000e+03 1.537547601055691826e-01
1.521000000000000000e+03 1.560072718406486092e-01
1.522000000000000000e+03 1.581022766612442954e-01
1.523000000000000000e+03 1.565829980010348399e-01
1.524000000000000000e+03 1.540805225600154760e-01
1.525000000000000000e+03 1.550660458831368549e-01
1.526000000000000000e+03 1.564569924694478587e-01
1.527000000000000000e+03 1.560813954786907376e-01
1.528000000000000000e+03 1.562785466741612450e-01
1.529000000000000000e+03 1.575243635510852891e-01
1.530000000000000000e+03 1.582476390248623577e-01
1.531000000000000000e+03 1.579031711702321705e-01
1.532000000000000000e+03 1.566014242161413716e-01
1.533000000000000000e+03 1.550873104798633217e-01
1.534000000000000000e+03 1.547590818905668908e-01
1.535000000000000000e+03 1.548553542114138315e-01
1.536000000000000000e+03 1.543540308741470912e-01
1.537000000000000000e+03 1.527664914625203318e-01
1.538000000000000000e+03 1.502226500992037694e-01
1.539000000000000000e+03 1.503886256277011113e-01
1.540000000000000000e+03 1.534883244800643309e-01
1.541000000000000000e+03 1.546387531222198075e-01
1.542000000000000000e+03 1.535054943623226920e-01
1.543000000000000000e+03 1.517972539355789963e-01
1.544000000000000000e+03 1.507051284437479488e-01
1.545000000000000000e+03 1.520663418193188843e-01
1.546000000000000000e+03 1.532457126478285192e-01
1.547000000000000000e+03 1.522825241308968791e-01
1.548000000000000000e+03 1.511028741173098544e-01
1.549000000000000000e+03 1.506853528341007831e-01
1.550000000000000000e+03 1.518302908364012882e-01
1.551000000000000000e+03 1.539938821243378719e-01
1.552000000000000000e+03 1.549695409080587838e-01
1.553000000000000000e+03 1.552904176236510614e-01
1.554000000000000000e+03 1.573779309780039548e-01
1.555000000000000000e+03 1.572272640979157921e-01
1.556000000000000000e+03 1.526345765134623222e-01
1.557000000000000000e+03 1.495191967659200705e-01
1.558000000000000000e+03 1.507081994795990143e-01
1.559000000000000000e+03 1.510334035638905836e-01
1.560000000000000000e+03 1.506270031529301501e-01
1.561000000000000000e+03 1.530098477882958219e-01
1.562000000000000000e+03 1.559248657119777781e-01
1.563000000000000000e+03 1.557407431534512943e-01
1.564000000000000000e+03 1.537275860913716874e-01
1.565000000000000000e+03 1.518797531259422351e-01
1.566000000000000000e+03 1.516095950327391306e-01
1.567000000000000000e+03 1.535249907868924402e-01
1.568000000000000000e+03 1.535598423907176546e-01
1.569000000000000000e+03 1.515420787748614495e-01
1.570000000000000000e+03 1.510439195351382380e-01
1.571000000000000000e+03 1.521751309378013006e-01
1.572000000000000000e+03 1.537502931443312515e-01
1.573000000000000000e+03 1.556266960493450369e-01
1.574000000000000000e+03 1.574481925558091078e-01
1.575000000000000000e+03 1.583066866687264374e-01
1.576000000000000000e+03 1.580685417977285567e-01
1.577000000000000000e+03 1.595203972617527666e-01
1.578000000000000000e+03 1.626587167164856851e-01
1.579000000000000000e+03 1.646772713567278279e-01
1.580000000000000000e+03 1.663010117667204080e-01
1.581000000000000000e+03 1.705135888683325940e-01
1.582000000000000000e+03 1.756115083811360389e-01
1.583000000000000000e+03 1.806083163650847589e-01
1.584000000000000000e+03 1.820467709453951477e-01
1.585000000000000000e+03 1.787498743667151890e-01
1.586000000000000000e+03 1.746328716232564970e-01
1.587000000000000000e+03 1.712351892316454627e-01
1.588000000000000000e+03 1.672671317269644464e-01
1.589000000000000000e+03 1.638816404170652941e-01
1.590000000000000000e+03 1.598126109760682756e-01
1.591000000000000000e+03 1.577250510908691783e-01
1.592000000000000000e+03 1.583335349670003389e-01
1.593000000000000000e+03 1.595690219960616274e-01
1.594000000000000000e+03 1.600175793537051694e-01
1.595000000000000000e+03 1.618006879120306440e-01
1.596000000000000000e+03 1.644539698256768656e-01
1.597000000000000000e+03 1.657846124352755912e-01
1.598000000000000000e+03 1.671655083588012292e-01
1.599000000000000000e+03 1.717403746291491784e-01
1.600000000000000000e+03 1.778952423140348349e-01
1.601000000000000000e+03 1.840404315829049509e-01
1.602000000000000000e+03 1.893359675996411640e-01
1.603000000000000000e+03 1.920739821842696038e-01
1.604000000000000000e+03 1.907512032876834962e-01
1.605000000000000000e+03 1.853080714267102136e-01
1.606000000000000000e+03 1.797380034172253727e-01
1.607000000000000000e+03 1.741707737893604391e-01
1.608000000000000000e+03 1.671487572541589250e-01
1.609000000000000000e+03 1.615334612621399102e-01
1.610000000000000000e+03 1.583307896470728393e-01
1.611000000000000000e+03 1.557803409035918019e-01
1.612000000000000000e+03 1.536006964737063607e-01
1.613000000000000000e+03 1.511160423467925451e-01
1.614000000000000000e+03 1.497134630489244111e-01
1.615000000000000000e+03 1.506285386708556828e-01
1.616000000000000000e+03 1.515039700118002153e-01
1.617000000000000000e+03 1.486913199498211546e-01
1.618000000000000000e+03 1.457751387549834632e-01
1.619000000000000000e+03 1.448711374744545699e-01
1.620000000000000000e+03 1.438090243784409805e-01
1.621000000000000000e+03 1.427088955810586202e-01
1.622000000000000000e+03 1.423027743551755486e-01
1.623000000000000000e+03 1.423280871355238897e-01
1.624000000000000000e+03 1.414746183539992430e-01
1.625000000000000000e+03 1.403555049713556269e-01
1.626000000000000000e+03 1.393779849537855886e-01
1.627000000000000000e+03 1.378337657599976451e-01
1.628000000000000000e+03 1.360522392504439071e-01
1.629000000000000000e+03 1.356438845439418839e-01
1.630000000000000000e+03 1.365409527283827085e-01
1.631000000000000000e+03 1.364218802928837682e-01
1.632000000000000000e+03 1.361927624060542130e-01
1.633000000000000000e+03 1.369248787406147361e-01
1.634000000000000000e+03 1.370084481404412746e-01
1.635000000000000000e+03 1.356394175827039250e-01
1.636000000000000000e+03 1.340567639099311814e-01
1.637000000000000000e+03 1.332847241093065571e-01
1.638000000000000000e+03 1.352378563797512756e-01
1.639000000000000000e+03 1.369630805653683780e-01
1.640000000000000000e+03 1.324675028569939628e-01
1.641000000000000000e+03 1.283451490662189942e-01
1.642000000000000000e+03 1.303973920391305885e-01
1.643000000000000000e+03 1.332080878055680873e-01
1.644000000000000000e+03 1.341261879325042206e-01
1.645000000000000000e+03 1.322126999430462413e-01
1.646000000000000000e+03 1.288101783434274228e-01
1.647000000000000000e+03 1.285331336849824535e-01
1.648000000000000000e+03 1.297659684558087334e-01
1.649000000000000000e+03 1.296839811047539870e-01
1.650000000000000000e+03 1.302529602924370755e-01
1.651000000000000000e+03 1.318384988776759859e-01
1.652000000000000000e+03 1.317173325540967888e-01
1.653000000000000000e+03 1.296175350563395778e-01
1.654000000000000000e+03 1.272721012213416381e-01
1.655000000000000000e+03 1.264204471428199139e-01
1.656000000000000000e+03 1.291135594608378012e-01
1.657000000000000000e+03 1.309188632328142921e-01
1.658000000000000000e+03 1.286236827117432646e-01
1.659000000000000000e+03 1.266340237270091040e-01
1.660000000000000000e+03 1.264136071084243085e-01
1.661000000000000000e+03 1.271975588056834805e-01
1.662000000000000000e+03 1.281459505135144339e-01
1.663000000000000000e+03 1.270497303072152528e-01
1.664000000000000000e+03 1.257321163345604953e-01
1.665000000000000000e+03 1.258203388190098915e-01
1.666000000000000000e+03 1.264787502931443430e-01
1.667000000000000000e+03 1.270819761836516626e-01
1.668000000000000000e+03 1.263669366696570373e-01
1.669000000000000000e+03 1.248525437483016254e-01
1.670000000000000000e+03 1.245108677444451556e-01
1.671000000000000000e+03 1.247489195537505868e-01
1.672000000000000000e+03 1.246787975684841149e-01
1.673000000000000000e+03 1.240058219394801209e-01
1.674000000000000000e+03 1.229040180316335329e-01
1.675000000000000000e+03 1.239425865194554860e-01
1.676000000000000000e+03 1.259003718745230482e-01
1.677000000000000000e+03 1.241244290665167727e-01
1.678000000000000000e+03 1.215065571268505312e-01
1.679000000000000000e+03 1.221502183227305138e-01
1.680000000000000000e+03 1.235009157270537672e-01
1.681000000000000000e+03 1.239940496353843097e-01
1.682000000000000000e+03 1.233044624942767065e-01
1.683000000000000000e+03 1.218138468353441028e-01
1.684000000000000000e+03 1.214106105219271980e-01
1.685000000000000000e+03 1.215679778438722713e-01
1.686000000000000000e+03 1.212009425288212150e-01
1.687000000000000000e+03 1.199241826391551496e-01
1.688000000000000000e+03 1.178203369577760506e-01
1.689000000000000000e+03 1.178069826049084612e-01
1.690000000000000000e+03 1.197566250618860434e-01
1.691000000000000000e+03 1.195633824574987292e-01
1.692000000000000000e+03 1.183950394395452688e-01
1.693000000000000000e+03 1.187156835009064298e-01
1.694000000000000000e+03 1.183040251043221552e-01
1.695000000000000000e+03 1.162113468260379257e-01
1.696000000000000000e+03 1.149143925491086654e-01
1.697000000000000000e+03 1.153573196743585272e-01
1.698000000000000000e+03 1.169188018120972811e-01
1.699000000000000000e+03 1.184535287132545966e-01
1.700000000000000000e+03 1.181352577250510960e-01
1.701000000000000000e+03 1.172206939424283306e-01
1.702000000000000000e+03 1.168405369287408152e-01
1.703000000000000000e+03 1.173541909402581185e-01
1.704000000000000000e+03 1.183357591414500587e-01
1.705000000000000000e+03 1.177034980028960759e-01
1.706000000000000000e+03 1.160014927095470161e-01
1.707000000000000000e+03 1.146515397987633855e-01
1.708000000000000000e+03 1.131454293680366624e-01
1.709000000000000000e+03 1.114813001835176648e-01
1.710000000000000000e+03 1.112023477603773097e-01
1.711000000000000000e+03 1.121850327018787397e-01
1.712000000000000000e+03 1.118741135873793646e-01
1.713000000000000000e+03 1.108712342586147120e-01
1.714000000000000000e+03 1.101819728334307580e-01
1.715000000000000000e+03 1.107024668793436528e-01
1.716000000000000000e+03 1.126120928085646566e-01
1.717000000000000000e+03 1.127432167332368118e-01
1.718000000000000000e+03 1.107594206351274480e-01
1.719000000000000000e+03 1.090481557033788906e-01
1.720000000000000000e+03 1.080379710317563718e-01
1.721000000000000000e+03 1.077249580291767123e-01
1.722000000000000000e+03 1.090408503605209967e-01
1.723000000000000000e+03 1.115731986048191099e-01
1.724000000000000000e+03 1.116323858412218706e-01
1.725000000000000000e+03 1.093981607287102809e-01
1.726000000000000000e+03 1.086130922911416469e-01
1.727000000000000000e+03 1.090793313703520423e-01
1.728000000000000000e+03 1.101796928219655469e-01
1.729000000000000000e+03 1.104619024043418801e-01
1.730000000000000000e+03 1.091814665778237659e-01
1.731000000000000000e+03 1.075072401996731708e-01
1.732000000000000000e+03 1.066356709189655999e-01
1.733000000000000000e+03 1.084963929288003531e-01
1.734000000000000000e+03 1.099578802779938858e-01
1.735000000000000000e+03 1.077119293922327026e-01
1.736000000000000000e+03 1.059585540446472823e-01
1.737000000000000000e+03 1.062473710071880906e-01
1.738000000000000000e+03 1.061805527120038423e-01
1.739000000000000000e+03 1.060437985549380485e-01
1.740000000000000000e+03 1.066623330938545888e-01
1.741000000000000000e+03 1.066089156823841755e-01
1.742000000000000000e+03 1.049780095220723686e-01
1.743000000000000000e+03 1.040261280007742789e-01
1.744000000000000000e+03 1.042211853081644879e-01
1.745000000000000000e+03 1.030176184396159877e-01
1.746000000000000000e+03 1.016164350671347194e-01
1.747000000000000000e+03 1.019282382677124399e-01
1.748000000000000000e+03 1.023493424260810969e-01
1.749000000000000000e+03 1.017898090001824185e-01
1.750000000000000000e+03 1.018510435938192182e-01
1.751000000000000000e+03 1.026434173742457462e-01
1.752000000000000000e+03 1.035270381441265042e-01
1.753000000000000000e+03 1.035605868842573024e-01
1.754000000000000000e+03 1.019265166264019667e-01
1.755000000000000000e+03 1.009631885169316456e-01
1.756000000000000000e+03 1.017935779987269168e-01
1.757000000000000000e+03 1.027250324785306673e-01
1.758000000000000000e+03 1.031161242410819079e-01
1.759000000000000000e+03 1.026814796064607072e-01
1.760000000000000000e+03 1.011194856294134470e-01
1.761000000000000000e+03 9.875944110869978865e-02
1.762000000000000000e+03 9.908338886014317337e-02
1.763000000000000000e+03 1.021854142548178218e-01
1.764000000000000000e+03 1.021367429896627016e-01
1.765000000000000000e+03 1.001649983807265526e-01
1.766000000000000000e+03 1.001169320165724297e-01
1.767000000000000000e+03 9.986654953301643545e-02
1.768000000000000000e+03 9.859076679112117880e-02
1.769000000000000000e+03 9.921953811620799757e-02
1.770000000000000000e+03 1.010083699686196018e-01
1.771000000000000000e+03 9.935373307673123211e-02
1.772000000000000000e+03 9.737296148362672987e-02
1.773000000000000000e+03 9.897185442173325742e-02
1.774000000000000000e+03 1.005416655809469317e-01
1.775000000000000000e+03 1.004405075212460030e-01
1.776000000000000000e+03 1.003123150398862462e-01
1.777000000000000000e+03 9.964087492880779884e-02
1.778000000000000000e+03 9.735807161283357991e-02
1.779000000000000000e+03 9.599025085709819716e-02
1.780000000000000000e+03 9.724839840827280424e-02
1.781000000000000000e+03 9.873687364827891944e-02
1.782000000000000000e+03 9.913717851838341200e-02
1.783000000000000000e+03 9.769016226236697242e-02
1.784000000000000000e+03 9.566862964796622737e-02
1.785000000000000000e+03 9.511440073853759392e-02
1.786000000000000000e+03 9.642340650464005514e-02
1.787000000000000000e+03 9.880792625046996847e-02
1.788000000000000000e+03 9.770505213316012239e-02
1.789000000000000000e+03 9.445761784402116612e-02
1.790000000000000000e+03 9.421133007493327771e-02
1.791000000000000000e+03 9.512817386902125416e-02
1.792000000000000000e+03 9.542494760626715755e-02
1.793000000000000000e+03 9.589221036409457943e-02
1.794000000000000000e+03 9.600495460450642060e-02
1.795000000000000000e+03 9.398560893987842335e-02
1.796000000000000000e+03 9.214359233022756390e-02
1.797000000000000000e+03 9.355249982318278312e-02
1.798000000000000000e+03 9.518917580842692350e-02
1.799000000000000000e+03 9.520699712253247182e-02
1.800000000000000000e+03 9.338954879969030287e-02
1.801000000000000000e+03 9.107845472920908514e-02
1.802000000000000000e+03 9.099544369953729839e-02
1.803000000000000000e+03 9.311520293032657380e-02
1.804000000000000000e+03 9.621206340106984445e-02
1.805000000000000000e+03 9.512621957347965063e-02
1.806000000000000000e+03 9.048383704525403415e-02
1.807000000000000000e+03 9.048565174825695667e-02
1.808000000000000000e+03 9.224102792223021208e-02
1.809000000000000000e+03 9.136206023697229783e-02
1.810000000000000000e+03 9.165585600005957123e-02
1.811000000000000000e+03 9.367222369052893849e-02
1.812000000000000000e+03 9.384117719318491035e-02
1.813000000000000000e+03 9.228793101522862752e-02
1.814000000000000000e+03 9.049170075826667992e-02
1.815000000000000000e+03 9.042316082177197234e-02
1.816000000000000000e+03 9.292456605332807817e-02
1.817000000000000000e+03 9.288855117834715625e-02
1.818000000000000000e+03 9.075818291461776322e-02
1.819000000000000000e+03 9.097543543565901614e-02
1.820000000000000000e+03 9.211032277517412770e-02
1.821000000000000000e+03 9.259917584565159621e-02
1.822000000000000000e+03 9.261778818414304060e-02
1.823000000000000000e+03 9.174482297804861797e-02
1.824000000000000000e+03 8.877345619958382228e-02
1.825000000000000000e+03 8.651726852765236064e-02
1.826000000000000000e+03 8.823281429725393643e-02
1.827000000000000000e+03 9.003355804630006065e-02
1.828000000000000000e+03 8.989289529815104596e-02
1.829000000000000000e+03 8.907488302145258330e-02
1.830000000000000000e+03 8.814198608541574942e-02
1.831000000000000000e+03 8.810862346866986383e-02
1.832000000000000000e+03 8.875777530440479013e-02
1.833000000000000000e+03 8.952046240493748142e-02
1.834000000000000000e+03 8.843796879827575674e-02
1.835000000000000000e+03 8.627009667248612679e-02
1.836000000000000000e+03 8.608160021441414733e-02
1.837000000000000000e+03 8.644644857969245588e-02
1.838000000000000000e+03 8.586029950975100633e-02
1.839000000000000000e+03 8.630871727485585343e-02
1.840000000000000000e+03 8.761437282002985938e-02
1.841000000000000000e+03 8.753829488644612744e-02
1.842000000000000000e+03 8.711598092607551747e-02
1.843000000000000000e+03 8.790081670941300718e-02
1.844000000000000000e+03 8.801765566429298193e-02
1.845000000000000000e+03 8.708071054463424610e-02
1.846000000000000000e+03 8.670981316934622818e-02
1.847000000000000000e+03 8.682748967945830287e-02
1.848000000000000000e+03 8.686783192313848878e-02
1.849000000000000000e+03 8.670362456679782392e-02
1.850000000000000000e+03 8.627786732380630930e-02
1.851000000000000000e+03 8.603344078856756116e-02
1.852000000000000000e+03 8.587974940347455066e-02
1.853000000000000000e+03 8.527131205818962167e-02
1.854000000000000000e+03 8.482126571346677857e-02
1.855000000000000000e+03 8.497495709855978907e-02
1.856000000000000000e+03 8.646054742609970978e-02
1.857000000000000000e+03 8.793808791724209983e-02
1.858000000000000000e+03 8.629731721752985363e-02
1.859000000000000000e+03 8.374230845111840793e-02
1.860000000000000000e+03 8.271797840224241749e-02
1.861000000000000000e+03 8.333455864561735427e-02
1.862000000000000000e+03 8.500790093768961775e-02
1.863000000000000000e+03 8.508812011658768715e-02
1.864000000000000000e+03 8.479655783411940706e-02
1.865000000000000000e+03 8.560051779525683358e-02
1.866000000000000000e+03 8.527410390896333903e-02
1.867000000000000000e+03 8.389088144312628614e-02
1.868000000000000000e+03 8.458139920115843868e-02
1.869000000000000000e+03 8.540480905601942341e-02
1.870000000000000000e+03 8.373933047695979182e-02
1.871000000000000000e+03 8.217673159891154822e-02
1.872000000000000000e+03 8.194431002199978331e-02
1.873000000000000000e+03 8.232674704715250980e-02
1.874000000000000000e+03 8.283328183919684562e-02
1.875000000000000000e+03 8.241873853014640428e-02
1.876000000000000000e+03 8.213731997215593938e-02
1.877000000000000000e+03 8.244209701495315568e-02
1.878000000000000000e+03 8.295491347123835901e-02
1.879000000000000000e+03 8.349988274226750884e-02
1.880000000000000000e+03 8.394890540837332549e-02
1.881000000000000000e+03 8.351002646674533791e-02
1.882000000000000000e+03 8.214108897070046544e-02
1.883000000000000000e+03 8.133466287471290135e-02
1.884000000000000000e+03 8.133094040701462080e-02
1.885000000000000000e+03 8.155652194953078027e-02
1.886000000000000000e+03 8.183207762089644843e-02
1.887000000000000000e+03 8.181904898395245262e-02
1.888000000000000000e+03 8.126091148344059822e-02
1.889000000000000000e+03 8.099331258678002521e-02
1.890000000000000000e+03 8.288325596804634043e-02
1.891000000000000000e+03 8.333721090385239061e-02
1.892000000000000000e+03 8.051725549901540824e-02
1.893000000000000000e+03 7.824729469660027248e-02
1.894000000000000000e+03 7.784633839464859262e-02
1.895000000000000000e+03 7.923756416603695840e-02
1.896000000000000000e+03 8.125597921374037858e-02
1.897000000000000000e+03 8.209083565677359473e-02
1.898000000000000000e+03 8.033066680563880069e-02
1.899000000000000000e+03 7.752038981681737273e-02
1.900000000000000000e+03 7.777547191584245623e-02
1.901000000000000000e+03 7.912226072908253027e-02
1.902000000000000000e+03 7.952349621611158603e-02
1.903000000000000000e+03 7.877416346844649808e-02
1.904000000000000000e+03 7.738079727813161612e-02
1.905000000000000000e+03 7.675095574358153927e-02
1.906000000000000000e+03 7.766668279736002600e-02
1.907000000000000000e+03 7.984967744817395019e-02
1.908000000000000000e+03 7.879398560893988157e-02
1.909000000000000000e+03 7.589181019881700851e-02
1.910000000000000000e+03 7.736246412471756151e-02
1.911000000000000000e+03 7.925943366376438093e-02
1.912000000000000000e+03 7.861102632156910519e-02
1.913000000000000000e+03 7.789031004433459582e-02
1.914000000000000000e+03 7.756692066304594901e-02
1.915000000000000000e+03 7.765528274003402620e-02
1.916000000000000000e+03 7.776086123012666829e-02
1.917000000000000000e+03 7.751424774511518623e-02
1.918000000000000000e+03 7.759125629562349524e-02
1.919000000000000000e+03 7.794889237973638696e-02
1.920000000000000000e+03 7.844002546167905265e-02
1.921000000000000000e+03 7.748214146121748525e-02
1.922000000000000000e+03 7.475571305729995786e-02
1.923000000000000000e+03 7.447634185654354588e-02
1.924000000000000000e+03 7.624432788984474019e-02
1.925000000000000000e+03 7.620733586709300955e-02
1.926000000000000000e+03 7.593117529472638572e-02
1.927000000000000000e+03 7.613837715298225894e-02
1.928000000000000000e+03 7.571503951399462251e-02
1.929000000000000000e+03 7.498199256250953626e-02
1.930000000000000000e+03 7.485719683292449411e-02
1.931000000000000000e+03 7.478418993519184155e-02
1.932000000000000000e+03 7.436201556735992646e-02
1.933000000000000000e+03 7.330162411265676858e-02
1.934000000000000000e+03 7.217888132400730739e-02
1.935000000000000000e+03 7.183939226992358540e-02
1.936000000000000000e+03 7.217264619061268538e-02
1.937000000000000000e+03 7.265554331277290778e-02
1.938000000000000000e+03 7.171413123187624084e-02
1.939000000000000000e+03 7.043039171527588904e-02
1.940000000000000000e+03 7.096363521305544542e-02
1.941000000000000000e+03 7.180584352979277329e-02
1.942000000000000000e+03 7.198638321315967148e-02
1.943000000000000000e+03 7.135119063129329031e-02
1.944000000000000000e+03 7.060646443740485612e-02
1.945000000000000000e+03 7.096707849567636395e-02
1.946000000000000000e+03 7.016926060624109618e-02
1.947000000000000000e+03 6.828266744590323623e-02
1.948000000000000000e+03 6.931728081179575063e-02
1.949000000000000000e+03 7.057640551074119417e-02
1.950000000000000000e+03 6.821003279494042282e-02
1.951000000000000000e+03 6.656144491306177635e-02
1.952000000000000000e+03 6.707998466343308153e-02
1.953000000000000000e+03 6.834599592762034825e-02
1.954000000000000000e+03 6.980115508172678174e-02
1.955000000000000000e+03 7.050856353693990553e-02
1.956000000000000000e+03 6.929527172152963321e-02
1.957000000000000000e+03 6.690777400154110377e-02
1.958000000000000000e+03 6.599898004385067185e-02
1.959000000000000000e+03 6.642227115199207665e-02
1.960000000000000000e+03 6.731906015135553922e-02
1.961000000000000000e+03 6.698301437989272189e-02
1.962000000000000000e+03 6.583384207058544380e-02
1.963000000000000000e+03 6.625178213141055816e-02
1.964000000000000000e+03 6.689227922974698426e-02
1.965000000000000000e+03 6.666176541753059126e-02
1.966000000000000000e+03 6.465219123061059781e-02
1.967000000000000000e+03 6.247817703311880216e-02
1.968000000000000000e+03 6.300672091542926234e-02
1.969000000000000000e+03 6.440948633668230894e-02
1.970000000000000000e+03 6.510958944903756651e-02
1.971000000000000000e+03 6.435718566552138531e-02
1.972000000000000000e+03 6.294064711378466459e-02
1.973000000000000000e+03 6.257472853904309795e-02
1.974000000000000000e+03 6.172549406452525894e-02
1.975000000000000000e+03 6.045808687495114048e-02
1.976000000000000000e+03 6.031277104217928897e-02
1.977000000000000000e+03 6.028857500214042375e-02
1.978000000000000000e+03 5.893275920473200341e-02
1.979000000000000000e+03 5.851640119267866036e-02
1.980000000000000000e+03 5.930416841932854149e-02
1.981000000000000000e+03 5.967990500262434356e-02
1.982000000000000000e+03 5.939490356947427913e-02
1.983000000000000000e+03 5.834056112478084449e-02
1.984000000000000000e+03 5.666130941523754572e-02
1.985000000000000000e+03 5.580062835254747527e-02
1.986000000000000000e+03 5.768517415565126844e-02
1.987000000000000000e+03 5.940849057657302673e-02
1.988000000000000000e+03 5.916885671849583112e-02
1.989000000000000000e+03 6.018183324089205338e-02
1.990000000000000000e+03 6.069734848625851081e-02
1.991000000000000000e+03 5.833935132277889846e-02
1.992000000000000000e+03 5.679103741452283527e-02
1.993000000000000000e+03 5.728054191684751190e-02
1.994000000000000000e+03 5.673375794281545342e-02
1.995000000000000000e+03 5.602551193237020888e-02
1.996000000000000000e+03 5.592672694582693366e-02
1.997000000000000000e+03 5.633987432949050939e-02
1.998000000000000000e+03 5.672324197156779907e-02
1.999000000000000000e+03 5.586218866210788253e-02
2.000000000000000000e+03 5.468174762413499645e-02
2.001000000000000000e+03 5.430093917860027986e-02
2.002000000000000000e+03 5.589624924154720786e-02
2.003000000000000000e+03 5.812731025651525496e-02
2.004000000000000000e+03 5.808506024813970409e-02
2.005000000000000000e+03 5.659812052605913552e-02
2.006000000000000000e+03 5.461958241357361271e-02
2.007000000000000000e+03 5.315274401706378965e-02
2.008000000000000000e+03 5.296997085307792591e-02
2.009000000000000000e+03 5.402198675545993173e-02
2.010000000000000000e+03 5.527850572701655668e-02
2.011000000000000000e+03 5.558570237381765117e-02
2.012000000000000000e+03 5.397001180022260175e-02
2.013000000000000000e+03 5.249898562755221654e-02
2.014000000000000000e+03 5.289124066125916457e-02
2.015000000000000000e+03 5.217471216018522429e-02
2.016000000000000000e+03 5.093261775095946770e-02
2.017000000000000000e+03 5.099952910783617233e-02
2.018000000000000000e+03 5.144292154154832958e-02
2.019000000000000000e+03 5.176412397306422858e-02
2.020000000000000000e+03 5.247302141535666736e-02
2.021000000000000000e+03 5.285959968582372437e-02
2.022000000000000000e+03 5.231593327848897690e-02
2.023000000000000000e+03 5.242756077859134917e-02
2.024000000000000000e+03 5.321351330223832166e-02
2.025000000000000000e+03 5.348851060344924496e-02
2.026000000000000000e+03 5.275960489727851005e-02
2.027000000000000000e+03 5.107844542303983937e-02
2.028000000000000000e+03 4.922665733568096919e-02
2.029000000000000000e+03 4.844121665134250992e-02
2.030000000000000000e+03 4.978553932973246027e-02
2.031000000000000000e+03 4.968470698595513213e-02
2.032000000000000000e+03 4.750966910984629615e-02
2.033000000000000000e+03 4.789992331716541596e-02
2.034000000000000000e+03 4.919389961993604621e-02
2.035000000000000000e+03 4.911554167488711709e-02
2.036000000000000000e+03 4.930292139264962070e-02
2.037000000000000000e+03 4.949923503288800736e-02
2.038000000000000000e+03 4.863222577511084471e-02
2.039000000000000000e+03 4.771505626509926073e-02
2.040000000000000000e+03 4.770807663816497429e-02
2.041000000000000000e+03 4.939407532041141524e-02
2.042000000000000000e+03 5.151578884674228725e-02
2.043000000000000000e+03 5.215335450176631499e-02
2.044000000000000000e+03 5.037699291614396863e-02
2.045000000000000000e+03 4.738450113349141485e-02
2.046000000000000000e+03 4.720484553620286211e-02
2.047000000000000000e+03 4.740227591675073154e-02
2.048000000000000000e+03 4.605637118958900295e-02
2.049000000000000000e+03 4.558783348657492046e-02
2.050000000000000000e+03 4.579211320768764026e-02
2.051000000000000000e+03 4.533776275968865593e-02
2.052000000000000000e+03 4.558718670781234522e-02
2.053000000000000000e+03 4.652289876004601227e-02
2.054000000000000000e+03 4.641256016438417842e-02
2.055000000000000000e+03 4.607858966866314882e-02
2.056000000000000000e+03 4.642775248567780622e-02
2.057000000000000000e+03 4.660971601293930483e-02
2.058000000000000000e+03 4.653433604204899876e-02
2.059000000000000000e+03 4.650029407494816330e-02
2.060000000000000000e+03 4.581144677429561940e-02
2.061000000000000000e+03 4.466898886609911579e-02
2.062000000000000000e+03 4.450269692784741132e-02
2.063000000000000000e+03 4.488781412974288815e-02
2.064000000000000000e+03 4.494987231935795163e-02
2.065000000000000000e+03 4.532247272361794588e-02
2.066000000000000000e+03 4.553645877925394797e-02
2.067000000000000000e+03 4.463789695464917551e-02
2.068000000000000000e+03 4.350098552332312685e-02
2.069000000000000000e+03 4.310547333038017986e-02
2.070000000000000000e+03 4.484950063095827916e-02
2.071000000000000000e+03 4.572881729756290287e-02
2.072000000000000000e+03 4.268747277945496299e-02
2.073000000000000000e+03 4.123258350425664659e-02
2.074000000000000000e+03 4.181122249561679965e-02
2.075000000000000000e+03 4.098431352111942677e-02
2.076000000000000000e+03 4.010564363327737830e-02
2.077000000000000000e+03 3.996989919557473320e-02
2.078000000000000000e+03 4.115730590122804872e-02
2.079000000000000000e+03 4.284805538287441568e-02
2.080000000000000000e+03 4.374364853948980308e-02
2.081000000000000000e+03 4.282668841828625450e-02
2.082000000000000000e+03 4.070671049251970569e-02
2.083000000000000000e+03 3.936074527525788153e-02
2.084000000000000000e+03 3.957598301065742841e-02
2.085000000000000000e+03 4.129858750963188996e-02
2.086000000000000000e+03 4.301428683102602457e-02
2.087000000000000000e+03 4.308914100335394654e-02
2.088000000000000000e+03 4.072778431277662703e-02
2.089000000000000000e+03 3.986326445527269002e-02
2.090000000000000000e+03 4.068110456784011786e-02
2.091000000000000000e+03 4.058968076117019236e-02
2.092000000000000000e+03 4.052168058249174670e-02
2.093000000000000000e+03 4.059181187392747053e-02
2.094000000000000000e+03 4.010096728323140486e-02
2.095000000000000000e+03 3.956788664341365225e-02
2.096000000000000000e+03 3.952420348497426295e-02
2.097000000000000000e+03 3.998511943537610275e-02
2.098000000000000000e+03 4.025138289674991265e-02
2.099000000000000000e+03 3.913033848398780878e-02
2.100000000000000000e+03 3.845397075629376771e-02
2.101000000000000000e+03 3.886087370039346262e-02
2.102000000000000000e+03 3.926258845513868473e-02
2.103000000000000000e+03 3.908146248310930687e-02
2.104000000000000000e+03 3.802218776871563871e-02
2.105000000000000000e+03 3.730528702087188009e-02
2.106000000000000000e+03 3.743653192574421945e-02
2.107000000000000000e+03 3.837253712230912633e-02
2.108000000000000000e+03 3.862292425894974651e-02
2.109000000000000000e+03 3.784232278261905752e-02
2.110000000000000000e+03 3.716855147614456928e-02
2.111000000000000000e+03 3.694132739475652905e-02
2.112000000000000000e+03 3.742931033840953686e-02
2.113000000000000000e+03 3.869540070503538209e-02
2.114000000000000000e+03 3.949631289574485199e-02
2.115000000000000000e+03 3.856768283830717264e-02
2.116000000000000000e+03 3.782797732272678154e-02
2.117000000000000000e+03 3.776859000368524427e-02
2.118000000000000000e+03 3.772636326073280227e-02
2.119000000000000000e+03 3.819292805586679829e-02
2.120000000000000000e+03 3.894560637137571557e-02
2.121000000000000000e+03 3.882324420504841556e-02
2.122000000000000000e+03 3.884224740264816816e-02
2.123000000000000000e+03 3.980812074940719841e-02
2.124000000000000000e+03 3.899592948157192679e-02
2.125000000000000000e+03 3.751667200220370341e-02
2.126000000000000000e+03 3.807738731159660689e-02
2.127000000000000000e+03 3.806194837681796395e-02
2.128000000000000000e+03 3.705263383201992666e-02
2.129000000000000000e+03 3.632403057634967652e-02
2.130000000000000000e+03 3.670361526062857621e-02
2.131000000000000000e+03 3.797595471990292126e-02
2.132000000000000000e+03 3.713780854604134540e-02
2.133000000000000000e+03 3.592348374584479476e-02
2.134000000000000000e+03 3.667933081198188061e-02
2.135000000000000000e+03 3.759402488097409595e-02
2.136000000000000000e+03 3.727710794039584830e-02
2.137000000000000000e+03 3.406242206083256313e-02
2.138000000000000000e+03 3.390176500805914400e-02
2.139000000000000000e+03 3.736025856260632994e-02
2.140000000000000000e+03 3.682860641976779675e-02
2.141000000000000000e+03 3.446701707495933298e-02
2.142000000000000000e+03 3.295683054210297308e-02
2.143000000000000000e+03 3.429377808136570283e-02
2.144000000000000000e+03 3.690824396308801242e-02
2.145000000000000000e+03 3.764245883881343208e-02
2.146000000000000000e+03 3.716275373270448712e-02
2.147000000000000000e+03 3.602423698718354439e-02
2.148000000000000000e+03 3.549611653557376706e-02
2.149000000000000000e+03 3.675386857455544692e-02
2.150000000000000000e+03 3.865196416008100100e-02
2.151000000000000000e+03 3.631464530466536889e-02
2.152000000000000000e+03 3.398481326240791744e-02
2.153000000000000000e+03 3.495207788146918737e-02
2.154000000000000000e+03 3.515949378161770805e-02
2.155000000000000000e+03 3.486885280990474623e-02
2.156000000000000000e+03 3.478105375615603290e-02
2.157000000000000000e+03 3.440013828967499604e-02
2.158000000000000000e+03 3.385669523040214096e-02
2.159000000000000000e+03 3.343612617676509913e-02
2.160000000000000000e+03 3.419680314474071031e-02
2.161000000000000000e+03 3.553584457208373154e-02
2.162000000000000000e+03 3.461629268274524912e-02
2.163000000000000000e+03 3.330445318810746486e-02
2.164000000000000000e+03 3.327587859543849197e-02
2.165000000000000000e+03 3.471483105580351614e-02
2.166000000000000000e+03 3.615078692967142043e-02
2.167000000000000000e+03 3.577978718652169432e-02
2.168000000000000000e+03 3.491649574335818629e-02
2.169000000000000000e+03 3.413707615052170852e-02
2.170000000000000000e+03 3.392235956059991286e-02
2.171000000000000000e+03 3.509124233636962825e-02
2.172000000000000000e+03 3.633204318807023436e-02
2.173000000000000000e+03 3.379079824597321785e-02
2.174000000000000000e+03 3.265537580172648419e-02
2.175000000000000000e+03 3.497871679093504660e-02
2.176000000000000000e+03 3.536515081577879666e-02
2.177000000000000000e+03 3.436831119085464320e-02
2.178000000000000000e+03 3.314805370776394838e-02
2.179000000000000000e+03 3.262125473218706329e-02
2.180000000000000000e+03 3.296843998823700134e-02
2.181000000000000000e+03 3.360129206853807587e-02
2.182000000000000000e+03 3.464556523810764788e-02
2.183000000000000000e+03 3.504278046002256425e-02
2.184000000000000000e+03 3.339347135002736222e-02
2.185000000000000000e+03 3.188855676204870038e-02
2.186000000000000000e+03 3.191038903509915009e-02
2.187000000000000000e+03 3.321471845115564481e-02
2.188000000000000000e+03 3.328508239682250597e-02
2.189000000000000000e+03 3.099730028030181841e-02
2.190000000000000000e+03 2.955281064923559464e-02
2.191000000000000000e+03 3.086371487386418283e-02
2.192000000000000000e+03 3.509539288785321759e-02
2.193000000000000000e+03 3.609200916471547171e-02
2.194000000000000000e+03 3.429186566358570498e-02
2.195000000000000000e+03 3.301590145139016164e-02
2.196000000000000000e+03 3.286864062924594460e-02
2.197000000000000000e+03 3.378084529796492735e-02
2.198000000000000000e+03 3.437174051422169085e-02
2.199000000000000000e+03 3.366072126534122577e-02
2.200000000000000000e+03 3.201322220526431339e-02
2.201000000000000000e+03 3.135866813828223215e-02
2.202000000000000000e+03 3.218734528493629593e-02
2.203000000000000000e+03 3.390707417761382875e-02
2.204000000000000000e+03 3.431742040433444219e-02
2.205000000000000000e+03 3.334352979277022122e-02
2.206000000000000000e+03 3.183997390550143830e-02
2.207000000000000000e+03 3.156586534345348638e-02
2.208000000000000000e+03 3.211059265408224006e-02
2.209000000000000000e+03 3.223085627924463653e-02
2.210000000000000000e+03 3.286275447719802512e-02
2.211000000000000000e+03 3.285229899605045939e-02
2.212000000000000000e+03 3.056676897248724115e-02
2.213000000000000000e+03 3.013325503742941489e-02
2.214000000000000000e+03 3.152776123347689891e-02
2.215000000000000000e+03 3.097944639460391281e-02
2.216000000000000000e+03 2.996850327018787258e-02
2.217000000000000000e+03 2.963349978968057505e-02
2.218000000000000000e+03 3.097994892774318110e-02
2.219000000000000000e+03 3.220043441198039424e-02
2.220000000000000000e+03 3.193685112734934162e-02
2.221000000000000000e+03 3.123364440755065433e-02
2.222000000000000000e+03 3.131056920253574155e-02
2.223000000000000000e+03 3.282295199133410113e-02
2.224000000000000000e+03 3.325708943973138682e-02
2.225000000000000000e+03 3.280071489992145845e-02
2.226000000000000000e+03 3.241628635455015561e-02
2.227000000000000000e+03 3.270858847747348808e-02
2.228000000000000000e+03 3.303954842744352693e-02
2.229000000000000000e+03 3.222509110739692206e-02
2.230000000000000000e+03 3.196315501472236226e-02
2.231000000000000000e+03 3.216838396509814207e-02
2.232000000000000000e+03 3.152839405298561021e-02
2.233000000000000000e+03 3.109229300287746911e-02
2.234000000000000000e+03 3.127722054504371990e-02
2.235000000000000000e+03 3.179223325727091598e-02
2.236000000000000000e+03 3.248156447872423830e-02
2.237000000000000000e+03 3.277102822002762178e-02
2.238000000000000000e+03 3.165723331310792144e-02
2.239000000000000000e+03 3.148419440215307480e-02
2.240000000000000000e+03 3.299924340844032772e-02
2.241000000000000000e+03 3.129550716761155676e-02
2.242000000000000000e+03 2.951900133636590345e-02
2.243000000000000000e+03 3.046140917737186551e-02
2.244000000000000000e+03 3.159572418747836481e-02
2.245000000000000000e+03 3.190026857604442989e-02
2.246000000000000000e+03 3.072004623304881721e-02
2.247000000000000000e+03 3.010653702552495981e-02
2.248000000000000000e+03 2.968082166029504393e-02
2.249000000000000000e+03 2.844515316093344792e-02
2.250000000000000000e+03 2.838323456385707239e-02
2.251000000000000000e+03 2.972692907582294777e-02
2.252000000000000000e+03 3.146612182147789927e-02
2.253000000000000000e+03 3.076060251862164363e-02
2.254000000000000000e+03 2.883347168504945407e-02
2.255000000000000000e+03 3.059190028253529897e-02
2.256000000000000000e+03 3.119578691105908200e-02
2.257000000000000000e+03 2.990316930899832373e-02
2.258000000000000000e+03 3.016701781945287097e-02
2.259000000000000000e+03 3.059199334422775529e-02
2.260000000000000000e+03 3.061741314552243395e-02
2.261000000000000000e+03 3.079891601740625956e-02
2.262000000000000000e+03 3.017446740793407189e-02
2.263000000000000000e+03 2.894326121672579494e-02
2.264000000000000000e+03 2.933834997896805907e-02
2.265000000000000000e+03 2.953650624071709960e-02
2.266000000000000000e+03 2.862150972122439602e-02
2.267000000000000000e+03 3.007482625382018257e-02
2.268000000000000000e+03 3.138446949251597756e-02
2.269000000000000000e+03 3.062159161551375811e-02
2.270000000000000000e+03 3.166713507718536824e-02
2.271000000000000000e+03 3.292384482521153177e-02
2.272000000000000000e+03 3.223876187001887411e-02
2.273000000000000000e+03 2.856720357059101822e-02
2.274000000000000000e+03 2.628647553035858703e-02
2.275000000000000000e+03 2.991393654681561570e-02
2.276000000000000000e+03 2.944224405242723552e-02
2.277000000000000000e+03 2.714917603177498251e-02
2.278000000000000000e+03 2.878177591488949999e-02
2.279000000000000000e+03 2.904371666064867880e-02
2.280000000000000000e+03 2.839118203239291913e-02
2.281000000000000000e+03 2.940016620818272988e-02
2.282000000000000000e+03 2.961363577142559628e-02
2.283000000000000000e+03 2.885991981804577819e-02
2.284000000000000000e+03 2.840562986014688943e-02
2.285000000000000000e+03 2.790634457394496060e-02
2.286000000000000000e+03 2.815839751488056347e-02
2.287000000000000000e+03 3.044284336972666316e-02
2.288000000000000000e+03 3.059391506817699460e-02
2.289000000000000000e+03 2.846830691001678987e-02
2.290000000000000000e+03 2.813011141345821142e-02
2.291000000000000000e+03 2.825456281478117698e-02
2.292000000000000000e+03 2.822459229672534542e-02
2.293000000000000000e+03 2.751783527335941587e-02
2.294000000000000000e+03 2.715486210118411847e-02
2.295000000000000000e+03 2.775082452659517057e-02
2.296000000000000000e+03 2.942272436243434722e-02
2.297000000000000000e+03 3.003782027181459147e-02
2.298000000000000000e+03 2.891223444846057616e-02
2.299000000000000000e+03 2.828939580626789463e-02
2.300000000000000000e+03 2.797481006108569826e-02
2.301000000000000000e+03 2.817688887317180632e-02
2.302000000000000000e+03 2.939830032124896367e-02
2.303000000000000000e+03 3.044699392121025250e-02
2.304000000000000000e+03 3.029218114272313328e-02
2.305000000000000000e+03 2.899566890883304576e-02
2.306000000000000000e+03 2.792497552477488446e-02
2.307000000000000000e+03 2.835057921597385414e-02
2.308000000000000000e+03 3.008132661303831654e-02
2.309000000000000000e+03 3.035946939945428566e-02
2.310000000000000000e+03 2.795589992517839850e-02
2.311000000000000000e+03 2.706789129649827402e-02
2.312000000000000000e+03 2.775588708266484017e-02
2.313000000000000000e+03 2.902507175056488406e-02
2.314000000000000000e+03 2.825835042566418251e-02
2.315000000000000000e+03 2.781792200685678784e-02
2.316000000000000000e+03 2.924841050629283304e-02
2.317000000000000000e+03 2.898235178064242565e-02
2.318000000000000000e+03 2.871252405644750261e-02
2.319000000000000000e+03 2.956801692978309332e-02
2.320000000000000000e+03 2.864412371249148645e-02
2.321000000000000000e+03 2.715234943548777355e-02
2.322000000000000000e+03 2.676674831279151484e-02
2.323000000000000000e+03 2.829030781085397489e-02
2.324000000000000000e+03 2.964359698331217943e-02
2.325000000000000000e+03 2.918258797121788331e-02
2.326000000000000000e+03 3.012735027304300900e-02
2.327000000000000000e+03 3.205503947676994342e-02
2.328000000000000000e+03 3.355914908110885220e-02
2.329000000000000000e+03 3.184617646730370649e-02
2.330000000000000000e+03 2.948895171587148645e-02
2.331000000000000000e+03 2.925891251828662346e-02
2.332000000000000000e+03 2.724449912335885973e-02
2.333000000000000000e+03 2.573096236957404109e-02
2.334000000000000000e+03 2.642000509978074604e-02
2.335000000000000000e+03 2.648401293185278713e-02
2.336000000000000000e+03 2.623160635648584191e-02
2.337000000000000000e+03 2.618331199118519720e-02
2.338000000000000000e+03 2.721903279121795291e-02
2.339000000000000000e+03 2.840335915485093371e-02
2.340000000000000000e+03 2.859072491335956298e-02
2.341000000000000000e+03 2.742044621220299586e-02
2.342000000000000000e+03 2.702094167265363389e-02
2.343000000000000000e+03 2.848239179717018330e-02
2.344000000000000000e+03 2.681692717736441911e-02
2.345000000000000000e+03 2.477010504803844881e-02
2.346000000000000000e+03 2.492727228734472819e-02
2.347000000000000000e+03 2.529603854987548528e-02
2.348000000000000000e+03 2.575272949943977277e-02
2.349000000000000000e+03 2.591782559494340207e-02
2.350000000000000000e+03 2.595802824608489656e-02
2.351000000000000000e+03 2.513280368822099972e-02
2.352000000000000000e+03 2.380990381143467671e-02
2.353000000000000000e+03 2.459645658299800322e-02
2.354000000000000000e+03 2.569060616663999125e-02
2.355000000000000000e+03 2.580121929429457853e-02
2.356000000000000000e+03 2.698369838333227952e-02
2.357000000000000000e+03 2.750168906971809865e-02
2.358000000000000000e+03 2.685642721272786526e-02
2.359000000000000000e+03 2.769229337512424047e-02
2.360000000000000000e+03 2.712566399517568616e-02
2.361000000000000000e+03 2.491228004868987697e-02
2.362000000000000000e+03 2.547790901544452064e-02
2.363000000000000000e+03 2.566444187180565856e-02
2.364000000000000000e+03 2.476092451207754716e-02
2.365000000000000000e+03 2.644157214700769767e-02
2.366000000000000000e+03 2.664865302506337283e-02
2.367000000000000000e+03 2.465614169945540626e-02
2.368000000000000000e+03 2.448622966136711210e-02
2.369000000000000000e+03 2.366169376002739966e-02
2.370000000000000000e+03 2.250633750125633284e-02
2.371000000000000000e+03 2.371400839044219416e-02
2.372000000000000000e+03 2.453572452250045791e-02
2.373000000000000000e+03 2.431696905512602258e-02
2.374000000000000000e+03 2.475368431240438163e-02
2.375000000000000000e+03 2.475932850405190497e-02
2.376000000000000000e+03 2.423961617635563351e-02
2.377000000000000000e+03 2.374248061524946232e-02
2.378000000000000000e+03 2.442975982638410926e-02
2.379000000000000000e+03 2.566184545058610225e-02
2.380000000000000000e+03 2.574993764866605542e-02
2.381000000000000000e+03 2.491963192239399216e-02
2.382000000000000000e+03 2.444035490007035252e-02
2.383000000000000000e+03 2.581499707786285430e-02
2.384000000000000000e+03 2.559375686329981928e-02
2.385000000000000000e+03 2.436618473118199596e-02
2.386000000000000000e+03 2.424772650285327361e-02
2.387000000000000000e+03 2.588111275726905081e-02
2.388000000000000000e+03 2.749236428813389005e-02
2.389000000000000000e+03 2.705681695509587481e-02
2.390000000000000000e+03 2.699312087969356691e-02
2.391000000000000000e+03 2.675412449420970160e-02
2.392000000000000000e+03 2.592016144342407930e-02
2.393000000000000000e+03 2.531413439597378010e-02
2.394000000000000000e+03 2.456179575564233081e-02
2.395000000000000000e+03 2.359179977590744604e-02
2.396000000000000000e+03 2.327636716932389091e-02
2.397000000000000000e+03 2.314279572214012273e-02
2.398000000000000000e+03 2.333988642751052764e-02
2.399000000000000000e+03 2.635808650270437398e-02
2.400000000000000000e+03 2.666855426799534176e-02
2.401000000000000000e+03 2.335441335770309032e-02
2.402000000000000000e+03 2.375415985765283455e-02
2.403000000000000000e+03 2.452228176102502072e-02
2.404000000000000000e+03 2.468641932109634507e-02
2.405000000000000000e+03 2.572858464333175818e-02
2.406000000000000000e+03 2.536648625106555435e-02
2.407000000000000000e+03 2.457641574752735328e-02
2.408000000000000000e+03 2.658340281939703537e-02
2.409000000000000000e+03 2.687765458477734196e-02
2.410000000000000000e+03 2.530161294525366811e-02
2.411000000000000000e+03 2.424867573211633709e-02
2.412000000000000000e+03 2.428784539847155324e-02
2.413000000000000000e+03 2.497136026414631046e-02
2.414000000000000000e+03 2.516500768689580031e-02
2.415000000000000000e+03 2.535287597854369787e-02
2.416000000000000000e+03 2.469440401430916809e-02
2.417000000000000000e+03 2.305272596309545716e-02
2.418000000000000000e+03 2.282370579104299815e-02
2.419000000000000000e+03 2.462202993608523030e-02
2.420000000000000000e+03 2.699340471785556528e-02
2.421000000000000000e+03 2.514426888873172103e-02
2.422000000000000000e+03 2.412331232620729127e-02
2.423000000000000000e+03 2.607636549421342431e-02
2.424000000000000000e+03 2.629186845543647968e-02
2.425000000000000000e+03 2.468406486027717797e-02
2.426000000000000000e+03 2.282927088025193604e-02
2.427000000000000000e+03 2.395648063013933182e-02
2.428000000000000000e+03 2.452306347924166144e-02
2.429000000000000000e+03 2.462320251341019312e-02
2.430000000000000000e+03 2.662239566853658382e-02
2.431000000000000000e+03 2.623659911628616753e-02
2.432000000000000000e+03 2.465249833419570769e-02
2.433000000000000000e+03 2.508700802936282906e-02
2.434000000000000000e+03 2.501794229430574085e-02
2.435000000000000000e+03 2.376812841769065585e-02
2.436000000000000000e+03 2.189672757864643757e-02
2.437000000000000000e+03 2.304596503113844411e-02
2.438000000000000000e+03 2.508627284199241650e-02
2.439000000000000000e+03 2.526173601003577421e-02
2.440000000000000000e+03 2.311996303589575544e-02
2.441000000000000000e+03 2.221038735998868627e-02
2.442000000000000000e+03 2.354755824731330840e-02
2.443000000000000000e+03 2.261862573937514775e-02
2.444000000000000000e+03 2.294712420757968885e-02
2.445000000000000000e+03 2.428657975945413758e-02
2.446000000000000000e+03 2.336030881592025127e-02
2.447000000000000000e+03 2.252504755452484561e-02
2.448000000000000000e+03 2.316649388212433866e-02
2.449000000000000000e+03 2.553961822371286425e-02
2.450000000000000000e+03 2.504922498222521970e-02
2.451000000000000000e+03 2.289791318460834141e-02
2.452000000000000000e+03 2.227133346237888251e-02
2.453000000000000000e+03 2.361322723059570625e-02
2.454000000000000000e+03 2.550525054068843514e-02
2.455000000000000000e+03 2.594794966479178205e-02
2.456000000000000000e+03 2.407301248143419239e-02
2.457000000000000000e+03 2.302884633281094759e-02
2.458000000000000000e+03 2.408336094163543092e-02
2.459000000000000000e+03 2.412857496491574438e-02
2.460000000000000000e+03 2.435670639780523547e-02
2.461000000000000000e+03 2.450086826559062791e-02
2.462000000000000000e+03 2.365222938590450658e-02
2.463000000000000000e+03 2.425705128443747874e-02
2.464000000000000000e+03 2.501503876950107730e-02
2.465000000000000000e+03 2.364436567289187469e-02
2.466000000000000000e+03 2.338433734491269025e-02
2.467000000000000000e+03 2.211939163710406955e-02
2.468000000000000000e+03 1.952492936617542668e-02
2.469000000000000000e+03 2.423378120823856813e-02
2.470000000000000000e+03 2.626126046478732129e-02
2.471000000000000000e+03 2.190457733240519858e-02
2.472000000000000000e+03 2.275984220459427096e-02
2.473000000000000000e+03 2.471705988333786422e-02
2.474000000000000000e+03 2.560615268073511419e-02
2.475000000000000000e+03 2.494722006112291834e-02
2.476000000000000000e+03 2.486497679041390491e-02
2.477000000000000000e+03 2.482625382018247701e-02
2.478000000000000000e+03 2.358658366804522108e-02
2.479000000000000000e+03 2.378762018917580934e-02
2.480000000000000000e+03 2.459717781111454490e-02
2.481000000000000000e+03 2.451520441931365202e-02
2.482000000000000000e+03 2.310087142968816898e-02
2.483000000000000000e+03 2.271700590755624041e-02
2.484000000000000000e+03 2.365742222834361572e-02
2.485000000000000000e+03 2.202079742703032944e-02
2.486000000000000000e+03 2.173162217697355986e-02
2.487000000000000000e+03 2.318661847311819998e-02
2.488000000000000000e+03 2.391755292418450141e-02
2.489000000000000000e+03 2.423446521167812659e-02
2.490000000000000000e+03 2.411884536496934628e-02
2.491000000000000000e+03 2.385807254345050782e-02
2.492000000000000000e+03 2.364005226344648505e-02
2.493000000000000000e+03 2.361406943891244600e-02
2.494000000000000000e+03 2.368595959633560538e-02
2.495000000000000000e+03 2.349956633251314847e-02
2.496000000000000000e+03 2.144379632145742079e-02
2.497000000000000000e+03 1.954713388599570514e-02
2.498000000000000000e+03 2.270730887920219959e-02
2.499000000000000000e+03 2.223827329613347475e-02
2.500000000000000000e+03 1.940301854905654086e-02
2.501000000000000000e+03 2.002712283026664153e-02
2.502000000000000000e+03 2.168282527853364686e-02
2.503000000000000000e+03 2.384065604770714553e-02
2.504000000000000000e+03 2.513335740529111864e-02
2.505000000000000000e+03 2.340141416547858108e-02
2.506000000000000000e+03 2.194638995082620267e-02
2.507000000000000000e+03 2.271524704156879793e-02
2.508000000000000000e+03 2.416473873860459920e-02
2.509000000000000000e+03 2.303886907708858553e-02
2.510000000000000000e+03 2.098417392858073841e-02
2.511000000000000000e+03 2.217748539862045634e-02
2.512000000000000000e+03 2.228403173031466220e-02
2.513000000000000000e+03 2.230744139905226076e-02
2.514000000000000000e+03 2.324311157352432211e-02
2.515000000000000000e+03 2.297468442780088022e-02
2.516000000000000000e+03 2.078428206626737121e-02
2.517000000000000000e+03 1.913452160706375499e-02
2.518000000000000000e+03 2.351806234388901379e-02
2.519000000000000000e+03 2.411120500001861025e-02
2.520000000000000000e+03 2.115787823063665363e-02
2.521000000000000000e+03 2.110847177811114514e-02
2.522000000000000000e+03 2.352056105033148783e-02
2.523000000000000000e+03 2.479070890674845914e-02
2.524000000000000000e+03 2.226549849426181713e-02
2.525000000000000000e+03 1.970460822888709523e-02
2.526000000000000000e+03 2.168817632584993382e-02
2.527000000000000000e+03 2.551784178767789110e-02
2.528000000000000000e+03 2.075916471547318079e-02
2.529000000000000000e+03 2.009881290505101739e-02
2.530000000000000000e+03 2.268309422682484797e-02
2.531000000000000000e+03 2.192999248061525130e-02
2.532000000000000000e+03 2.242442925264016146e-02
2.533000000000000000e+03 2.251297745301315129e-02
2.534000000000000000e+03 2.129878759227066959e-02
2.535000000000000000e+03 2.108756546890064656e-02
2.536000000000000000e+03 2.106276918094543427e-02
2.537000000000000000e+03 2.142282486906220071e-02
2.538000000000000000e+03 2.287423363696261536e-02
2.539000000000000000e+03 2.114580812912495930e-02
2.540000000000000000e+03 1.987794493725780764e-02
2.541000000000000000e+03 2.294137764807046079e-02
2.542000000000000000e+03 2.267750121910817179e-02
2.543000000000000000e+03 2.249760831450385232e-02
2.544000000000000000e+03 2.365401151731506141e-02
2.545000000000000000e+03 2.281836870298057859e-02
2.546000000000000000e+03 2.317204501207940914e-02
2.547000000000000000e+03 2.351595914963948084e-02
2.548000000000000000e+03 2.119256697650006085e-02
2.549000000000000000e+03 2.001123254627958092e-02
2.550000000000000000e+03 2.074044535603542655e-02
2.551000000000000000e+03 2.252092957463361703e-02
2.552000000000000000e+03 2.383852028186525529e-02
2.553000000000000000e+03 2.144000871057441526e-02
2.554000000000000000e+03 1.819701346416566570e-02
2.555000000000000000e+03 2.087833021266458089e-02
2.556000000000000000e+03 2.193348229408239453e-02
2.557000000000000000e+03 2.192358053000495119e-02
2.558000000000000000e+03 2.272514880564623779e-02
2.559000000000000000e+03 2.276806420512286072e-02
2.560000000000000000e+03 2.281994144558310844e-02
2.561000000000000000e+03 2.289016579871128165e-02
2.562000000000000000e+03 2.194338405815983439e-02
2.563000000000000000e+03 2.113698588068002246e-02
2.564000000000000000e+03 1.994486560030375374e-02
2.565000000000000000e+03 1.819580831524834560e-02
2.566000000000000000e+03 2.053149859104597477e-02
2.567000000000000000e+03 2.216859800699079452e-02
2.568000000000000000e+03 2.061415598628642959e-02
2.569000000000000000e+03 1.997403578780445471e-02
2.570000000000000000e+03 2.026960902921765006e-02
2.571000000000000000e+03 2.083157601837410181e-02
2.572000000000000000e+03 2.054061863690678086e-02
2.573000000000000000e+03 2.085846154132497618e-02
2.574000000000000000e+03 2.112892673811322952e-02
2.575000000000000000e+03 2.123269052520296990e-02
2.576000000000000000e+03 2.278448494075692790e-02
2.577000000000000000e+03 2.178380186793429235e-02
2.578000000000000000e+03 2.011731356951150171e-02
2.579000000000000000e+03 2.222396971400280793e-02
2.580000000000000000e+03 2.137339515111357641e-02
2.581000000000000000e+03 2.001588563090243855e-02
2.582000000000000000e+03 2.064661590461549026e-02
2.583000000000000000e+03 2.174596763686583237e-02
2.584000000000000000e+03 2.249729190474950014e-02
2.585000000000000000e+03 2.250000465308462511e-02
2.586000000000000000e+03 2.212087131801413961e-02
2.587000000000000000e+03 2.051712986573058992e-02
2.588000000000000000e+03 1.971616649109027633e-02
2.589000000000000000e+03 2.068277967830434161e-02
2.590000000000000000e+03 2.079654294424860064e-02
2.591000000000000000e+03 2.051668782269142066e-02
2.592000000000000000e+03 2.009644448497798289e-02
2.593000000000000000e+03 1.980918165270120768e-02
2.594000000000000000e+03 1.936225287467567904e-02
2.595000000000000000e+03 2.031851294860389026e-02
2.596000000000000000e+03 2.205564437777091102e-02
2.597000000000000000e+03 1.985049639106756594e-02
2.598000000000000000e+03 1.899375649105304945e-02
2.599000000000000000e+03 2.083724347544474095e-02
2.600000000000000000e+03 2.314646700590755612e-02
2.601000000000000000e+03 2.195716649481274305e-02
2.602000000000000000e+03 2.136500563953856388e-02
2.603000000000000000e+03 2.316050536221472139e-02
2.604000000000000000e+03 2.200768503456311531e-02
2.605000000000000000e+03 2.064771868567110563e-02
2.606000000000000000e+03 2.044562591433113016e-02
2.607000000000000000e+03 2.138411585808464369e-02
2.608000000000000000e+03 2.140481277848711381e-02
2.609000000000000000e+03 2.086771652663984081e-02
2.610000000000000000e+03 2.031405529353519021e-02
2.611000000000000000e+03 1.993116226608943747e-02
2.612000000000000000e+03 1.953780910441150001e-02
2.613000000000000000e+03 2.006309117440133530e-02
2.614000000000000000e+03 2.160710097938125032e-02
2.615000000000000000e+03 2.041588805050644287e-02
2.616000000000000000e+03 2.042979612044416513e-02
2.617000000000000000e+03 2.149847937194525327e-02
2.618000000000000000e+03 1.896372548289712232e-02
2.619000000000000000e+03 1.877607588622649815e-02
2.620000000000000000e+03 1.937810593398575990e-02
2.621000000000000000e+03 1.837968426028983165e-02
2.622000000000000000e+03 1.783406355741348065e-02
2.623000000000000000e+03 1.872022025841370632e-02
2.624000000000000000e+03 2.029300473870138122e-02
2.625000000000000000e+03 2.062904120399495361e-02
2.626000000000000000e+03 1.896515397987634174e-02
2.627000000000000000e+03 1.837201597683136081e-02
2.628000000000000000e+03 1.967905348813835803e-02
2.629000000000000000e+03 1.757748316513983375e-02
2.630000000000000000e+03 1.824859290721004765e-02
2.631000000000000000e+03 2.044687759409467842e-02
2.632000000000000000e+03 2.000710526021910393e-02
2.633000000000000000e+03 1.832395891884648284e-02
2.634000000000000000e+03 1.668681762514005740e-02
2.635000000000000000e+03 1.652127483351263290e-02
2.636000000000000000e+03 1.780057530738277105e-02
2.637000000000000000e+03 1.835197514136071087e-02
2.638000000000000000e+03 1.854806078045257919e-02
2.639000000000000000e+03 1.893443431519623021e-02
2.640000000000000000e+03 1.832923086372418089e-02
2.641000000000000000e+03 1.944181596864193173e-02
2.642000000000000000e+03 2.017202919159169147e-02
2.643000000000000000e+03 1.703393773800527741e-02
2.644000000000000000e+03 1.599814248861855526e-02
2.645000000000000000e+03 1.731781312467661066e-02
2.646000000000000000e+03 1.923756881912157268e-02
2.647000000000000000e+03 1.900957232568614361e-02
2.648000000000000000e+03 1.884492757939093197e-02
2.649000000000000000e+03 1.866154020823484333e-02
2.650000000000000000e+03 1.847274595274699463e-02
2.651000000000000000e+03 2.028203276516067979e-02
2.652000000000000000e+03 2.009921307032858442e-02
2.653000000000000000e+03 1.817811728751223682e-02
2.654000000000000000e+03 1.777968295742613641e-02
2.655000000000000000e+03 1.768601636396800389e-02
2.656000000000000000e+03 1.746919192671205628e-02
2.657000000000000000e+03 1.702841452655794521e-02
2.658000000000000000e+03 1.699041278444306247e-02
2.659000000000000000e+03 1.721668298348341328e-02
2.660000000000000000e+03 1.743896548900196811e-02
2.661000000000000000e+03 1.719099330328061406e-02
2.662000000000000000e+03 1.583555440572664494e-02
2.663000000000000000e+03 1.582974735611731784e-02
2.664000000000000000e+03 1.716053421133938162e-02
2.665000000000000000e+03 1.788565695971173347e-02
2.666000000000000000e+03 1.785926001064625651e-02
2.667000000000000000e+03 1.777748204839952467e-02
2.668000000000000000e+03 1.832640178827348379e-02
2.669000000000000000e+03 1.938020447515066691e-02
2.670000000000000000e+03 1.882599883114514233e-02
2.671000000000000000e+03 1.810317935966110695e-02
2.672000000000000000e+03 1.805714639348717301e-02
2.673000000000000000e+03 1.592769478742848271e-02
2.674000000000000000e+03 1.551363074609420252e-02
2.675000000000000000e+03 1.598667263502321148e-02
2.676000000000000000e+03 1.526269919855270489e-02
2.677000000000000000e+03 1.652201002088304546e-02
2.678000000000000000e+03 1.671418706889171019e-02
2.679000000000000000e+03 1.603901053086111833e-02
2.680000000000000000e+03 1.708755057902985180e-02
2.681000000000000000e+03 1.664540982508124281e-02
2.682000000000000000e+03 1.715712350031082731e-02
2.683000000000000000e+03 1.851970488276088317e-02
2.684000000000000000e+03 1.691239451457160134e-02
2.685000000000000000e+03 1.672059436641738436e-02
2.686000000000000000e+03 1.669641693871701596e-02
2.687000000000000000e+03 1.595464080047945613e-02
2.688000000000000000e+03 1.761199974687219574e-02
2.689000000000000000e+03 1.624463034034522371e-02
2.690000000000000000e+03 1.394661609073887497e-02
2.691000000000000000e+03 1.486994628479111451e-02
2.692000000000000000e+03 1.613210944799526453e-02
2.693000000000000000e+03 1.763038873730173386e-02
2.694000000000000000e+03 1.751260520624332503e-02
2.695000000000000000e+03 1.489013136588507313e-02
2.696000000000000000e+03 1.581623014528791421e-02
2.697000000000000000e+03 1.604366826856860190e-02
2.698000000000000000e+03 1.522650750635611352e-02
2.699000000000000000e+03 1.776838526796183787e-02
2.700000000000000000e+03 1.765556657819601985e-02
2.701000000000000000e+03 1.625081894289362103e-02
2.702000000000000000e+03 1.597610082676007709e-02
2.703000000000000000e+03 1.732698435446826390e-02
2.704000000000000000e+03 1.671917517560741681e-02
2.705000000000000000e+03 1.517587263949017086e-02
2.706000000000000000e+03 1.526859465676986757e-02
2.707000000000000000e+03 1.805895179032084019e-02
2.708000000000000000e+03 1.816642408585499718e-02
2.709000000000000000e+03 1.647003971873034142e-02
2.710000000000000000e+03 1.623926533377506587e-02
2.711000000000000000e+03 1.661522991821738626e-02
2.712000000000000000e+03 1.655353466920291006e-02
2.713000000000000000e+03 1.648086279356310996e-02
2.714000000000000000e+03 1.733149319346781458e-02
2.715000000000000000e+03 1.687036320117332039e-02
2.716000000000000000e+03 1.787257248575225763e-02
2.717000000000000000e+03 1.893089797088285883e-02
2.718000000000000000e+03 1.660287597854369704e-02
2.719000000000000000e+03 1.621329646849489423e-02
2.720000000000000000e+03 1.698926347254121547e-02
2.721000000000000000e+03 1.720666954537502027e-02
2.722000000000000000e+03 1.577734431709468949e-02
2.723000000000000000e+03 1.658566421852374420e-02
2.724000000000000000e+03 1.815658281187765288e-02
2.725000000000000000e+03 1.833139920115843535e-02
2.726000000000000000e+03 1.659929775646871997e-02
2.727000000000000000e+03 1.562362966657856837e-02
2.728000000000000000e+03 1.581973391800892484e-02
2.729000000000000000e+03 1.645484739743671015e-02
2.730000000000000000e+03 1.649181615476531804e-02
2.731000000000000000e+03 1.797550802377912565e-02
2.732000000000000000e+03 1.924003495397168598e-02
2.733000000000000000e+03 1.908168583117119885e-02
2.734000000000000000e+03 1.979360312538388025e-02
2.735000000000000000e+03 1.950598665867576964e-02
2.736000000000000000e+03 1.880467839740320585e-02
2.737000000000000000e+03 1.905184094640018783e-02
2.738000000000000000e+03 2.080911092581494079e-02
2.739000000000000000e+03 2.208588477473486661e-02
2.740000000000000000e+03 1.999844586973596738e-02
2.741000000000000000e+03 1.548968131954035071e-02
2.742000000000000000e+03 1.674743335852203405e-02
2.743000000000000000e+03 1.664178041907541511e-02
2.744000000000000000e+03 1.621586031812208978e-02
2.745000000000000000e+03 1.802332777444823689e-02
2.746000000000000000e+03 1.701376661616518793e-02
2.747000000000000000e+03 1.669624942767059320e-02
2.748000000000000000e+03 1.662292612018359192e-02
2.749000000000000000e+03 1.554034875799865240e-02
2.750000000000000000e+03 1.665432048213401697e-02
2.751000000000000000e+03 1.608221442158435863e-02
2.752000000000000000e+03 1.581114897687975474e-02
2.753000000000000000e+03 1.837968426028983165e-02
2.754000000000000000e+03 1.703501725363778391e-02
2.755000000000000000e+03 1.625984592706196732e-02
2.756000000000000000e+03 1.642396487479480180e-02
2.757000000000000000e+03 1.586701856394641050e-02
2.758000000000000000e+03 1.627925394302390943e-02
2.759000000000000000e+03 1.625425291934529115e-02
2.760000000000000000e+03 1.602842476334411653e-02
2.761000000000000000e+03 1.656498125737514149e-02
2.762000000000000000e+03 1.746469704696637648e-02
2.763000000000000000e+03 1.772936915339917360e-02
2.764000000000000000e+03 1.644381493379591316e-02
2.765000000000000000e+03 1.465721656200328314e-02
2.766000000000000000e+03 1.789362304058606662e-02
2.767000000000000000e+03 1.740561217842532399e-02
2.768000000000000000e+03 1.539648003454450152e-02
2.769000000000000000e+03 1.746559509229858934e-02
2.770000000000000000e+03 1.742024147647958793e-02
2.771000000000000000e+03 1.610858810522671630e-02
2.772000000000000000e+03 1.510609498248579111e-02
2.773000000000000000e+03 1.559778643458321554e-02
2.774000000000000000e+03 1.620049117961279081e-02
2.775000000000000000e+03 1.796153015757205942e-02
2.776000000000000000e+03 1.881757209489315005e-02
2.777000000000000000e+03 1.724462940972829733e-02
2.778000000000000000e+03 1.661261488465934008e-02
2.779000000000000000e+03 1.644178153581572419e-02
2.780000000000000000e+03 1.676269547608500582e-02
2.781000000000000000e+03 1.693002505220760762e-02
2.782000000000000000e+03 1.530097081957571339e-02
2.783000000000000000e+03 1.534793905575884514e-02
2.784000000000000000e+03 1.674645621075123228e-02
2.785000000000000000e+03 1.747833058491134878e-02
2.786000000000000000e+03 1.675586940094327473e-02
2.787000000000000000e+03 1.588387203645040199e-02
2.788000000000000000e+03 1.581056268821727506e-02
2.789000000000000000e+03 1.664996054184239918e-02
2.790000000000000000e+03 1.739509155409304023e-02
2.791000000000000000e+03 1.675086268188907823e-02
2.792000000000000000e+03 1.568052293226225580e-02
2.793000000000000000e+03 1.535758024709740766e-02
2.794000000000000000e+03 1.547807652649094319e-02
2.795000000000000000e+03 1.544543048477696814e-02
2.796000000000000000e+03 1.441795029761129207e-02
2.797000000000000000e+03 1.386923994654536314e-02
2.798000000000000000e+03 1.637083130148637988e-02
2.799000000000000000e+03 1.524825602388335186e-02
2.800000000000000000e+03 1.538065489374216069e-02
2.801000000000000000e+03 1.660281548844360147e-02
2.802000000000000000e+03 1.447354069960057887e-02
2.803000000000000000e+03 1.615061476554037478e-02
2.804000000000000000e+03 1.638409259266152690e-02
2.805000000000000000e+03 1.537316342749935928e-02
2.806000000000000000e+03 1.675110464228946744e-02
2.807000000000000000e+03 1.611316208741098502e-02
2.808000000000000000e+03 1.643324777861740124e-02
2.809000000000000000e+03 1.528511776026563601e-02
2.810000000000000000e+03 1.180594124456985083e-02
2.811000000000000000e+03 1.568425935921441070e-02
2.812000000000000000e+03 1.620132408176028216e-02
2.813000000000000000e+03 1.617522027702604850e-02
2.814000000000000000e+03 1.913461001567158884e-02
2.815000000000000000e+03 1.790432513521864055e-02
2.816000000000000000e+03 1.706769586694411450e-02
2.817000000000000000e+03 1.647216617840298672e-02
2.818000000000000000e+03 1.647358536921295774e-02
2.819000000000000000e+03 1.868215802619872801e-02
2.820000000000000000e+03 1.800063933382718348e-02
2.821000000000000000e+03 1.737090947330804588e-02
2.822000000000000000e+03 1.720279817896880337e-02
2.823000000000000000e+03 1.498231827843314080e-02
2.824000000000000000e+03 1.683888043061506495e-02
2.825000000000000000e+03 1.795415501844482842e-02
2.826000000000000000e+03 1.646056603843819993e-02
2.827000000000000000e+03 1.483688146546108429e-02
2.828000000000000000e+03 1.631181157613004890e-02
2.829000000000000000e+03 1.759852906688902374e-02
2.830000000000000000e+03 1.721432386957962371e-02
2.831000000000000000e+03 1.604393349439210345e-02
2.832000000000000000e+03 1.649203950282721390e-02
2.833000000000000000e+03 1.759389459460465599e-02
2.834000000000000000e+03 1.796990105680858207e-02
2.835000000000000000e+03 1.714616548602399676e-02
2.836000000000000000e+03 1.640775818105338554e-02
2.837000000000000000e+03 1.667784182490256520e-02
2.838000000000000000e+03 1.723917599455030564e-02
2.839000000000000000e+03 1.731307628453054165e-02
2.840000000000000000e+03 1.707136715071154789e-02
2.841000000000000000e+03 1.797653635548077458e-02
2.842000000000000000e+03 1.896312523498077177e-02
2.843000000000000000e+03 1.879245009101433370e-02
2.844000000000000000e+03 1.773777727731267601e-02
2.845000000000000000e+03 1.903636944002918760e-02
2.846000000000000000e+03 1.804891973987395731e-02
2.847000000000000000e+03 1.779856517482569789e-02
2.848000000000000000e+03 1.969910828286287885e-02
2.849000000000000000e+03 1.876587167164857003e-02
2.850000000000000000e+03 1.805594589765447538e-02
2.851000000000000000e+03 1.919378329282047865e-02
2.852000000000000000e+03 2.052101984447530017e-02
2.853000000000000000e+03 1.914561456080464755e-02
2.854000000000000000e+03 1.968363677649187168e-02
2.855000000000000000e+03 2.172690860225060666e-02
2.856000000000000000e+03 2.223348527205655165e-02
2.857000000000000000e+03 2.043665476717825696e-02
2.858000000000000000e+03 2.326985285085188607e-02
2.859000000000000000e+03 2.304091178123801945e-02
2.860000000000000000e+03 2.242945923711747030e-02
2.861000000000000000e+03 2.294965083252990118e-02
2.862000000000000000e+03 2.078376557387423551e-02
2.863000000000000000e+03 2.112420385722103139e-02
2.864000000000000000e+03 2.187215929183774707e-02
2.865000000000000000e+03 2.222216897025375976e-02
2.866000000000000000e+03 2.254517679860332940e-02
2.867000000000000000e+03 2.048487003004031623e-02
2.868000000000000000e+03 1.995536295921292169e-02
2.869000000000000000e+03 2.165989022442757830e-02
2.870000000000000000e+03 2.294863646008211619e-02
2.871000000000000000e+03 2.052426769754205418e-02
2.872000000000000000e+03 1.852097982794754377e-02
2.873000000000000000e+03 2.054680723945517817e-02
2.874000000000000000e+03 2.309390576200774994e-02
2.875000000000000000e+03 2.038051064811885124e-02
2.876000000000000000e+03 2.210160289459088198e-02
2.877000000000000000e+03 2.174493465207955750e-02
2.878000000000000000e+03 2.119035676130420418e-02
2.879000000000000000e+03 2.286113520374926864e-02
2.880000000000000000e+03 2.183136104586452797e-02
2.881000000000000000e+03 2.127215798897405183e-02
2.882000000000000000e+03 2.104663228347336199e-02
2.883000000000000000e+03 2.074454937667278426e-02
2.884000000000000000e+03 2.029535919952054832e-02
2.885000000000000000e+03 1.921213505857303008e-02
2.886000000000000000e+03 2.085140281195210082e-02
2.887000000000000000e+03 2.141976779246498180e-02
2.888000000000000000e+03 1.865040072364771914e-02
2.889000000000000000e+03 1.945870201273828398e-02
2.890000000000000000e+03 1.869693156987630236e-02
2.891000000000000000e+03 1.981890194647836084e-02
2.892000000000000000e+03 2.178843634021866010e-02
2.893000000000000000e+03 2.000826387829019587e-02
2.894000000000000000e+03 2.023728870342727734e-02
2.895000000000000000e+03 2.096867450370199643e-02
2.896000000000000000e+03 2.082861665655396169e-02
2.897000000000000000e+03 1.944719028138133451e-02
2.898000000000000000e+03 1.827524577592977775e-02
2.899000000000000000e+03 2.072615573315862714e-02
2.900000000000000000e+03 2.213589147517672565e-02
2.901000000000000000e+03 2.197324290218471629e-02
2.902000000000000000e+03 2.351683392954857788e-02
2.903000000000000000e+03 2.465202837264880015e-02
2.904000000000000000e+03 2.466370761505217238e-02
2.905000000000000000e+03 2.513278972896712884e-02
2.906000000000000000e+03 2.619182713604503027e-02
2.907000000000000000e+03 2.543436544954381581e-02
2.908000000000000000e+03 2.593607499283425225e-02
2.909000000000000000e+03 2.690238572954783622e-02
2.910000000000000000e+03 2.769051589679830463e-02
2.911000000000000000e+03 2.791655344160751118e-02
2.912000000000000000e+03 2.719095607860362931e-02
2.913000000000000000e+03 2.954281117038106905e-02
2.914000000000000000e+03 3.164852273869393773e-02
2.915000000000000000e+03 3.178457893306630561e-02
2.916000000000000000e+03 3.245473013970421455e-02
2.917000000000000000e+03 3.471008956257282119e-02
2.918000000000000000e+03 3.499935787432204709e-02
2.919000000000000000e+03 3.424850356798529033e-02
2.920000000000000000e+03 3.417088081030676683e-02
2.921000000000000000e+03 3.387552161078622587e-02
2.922000000000000000e+03 3.280205498829284055e-02
2.923000000000000000e+03 3.249781770331187924e-02
2.924000000000000000e+03 3.113973120060751013e-02
2.925000000000000000e+03 2.780117090221449760e-02
2.926000000000000000e+03 2.790197998056872034e-02
2.927000000000000000e+03 2.796343792226742980e-02
2.928000000000000000e+03 2.600188822173995704e-02
2.929000000000000000e+03 2.458739237415267717e-02
2.930000000000000000e+03 2.724061845078339789e-02
2.931000000000000000e+03 2.721059209571209322e-02
2.932000000000000000e+03 2.540754506977765947e-02
2.933000000000000000e+03 2.444843730806026127e-02
2.934000000000000000e+03 2.476671760243300685e-02
2.935000000000000000e+03 2.357661676078305971e-02
2.936000000000000000e+03 2.243726246003000663e-02
2.937000000000000000e+03 2.246495296662063407e-02
2.938000000000000000e+03 2.197118623878141497e-02
2.939000000000000000e+03 2.082029228816367067e-02
2.940000000000000000e+03 2.245609349349871053e-02
2.941000000000000000e+03 1.829558440881629347e-02
2.942000000000000000e+03 1.824581966877482711e-02
2.943000000000000000e+03 2.104329136871414818e-02
2.944000000000000000e+03 2.041305897505574576e-02
2.945000000000000000e+03 2.149250015820487747e-02
2.946000000000000000e+03 2.053787797006391760e-02
2.947000000000000000e+03 1.970914963947900667e-02
2.948000000000000000e+03 1.986054240076831970e-02
2.949000000000000000e+03 1.987472965578341438e-02
2.950000000000000000e+03 1.984882593368796078e-02
2.951000000000000000e+03 1.878002170198668150e-02
2.952000000000000000e+03 1.938042317012794377e-02
2.953000000000000000e+03 2.025269971969818200e-02
2.954000000000000000e+03 1.779962142503508510e-02
2.955000000000000000e+03 1.755387806684807414e-02
2.956000000000000000e+03 1.870384140054124830e-02
2.957000000000000000e+03 1.804220999184779489e-02
2.958000000000000000e+03 1.631358440137135879e-02
2.959000000000000000e+03 1.788521491667256075e-02
2.960000000000000000e+03 1.857828721816266390e-02
2.961000000000000000e+03 1.764491566749429655e-02
2.962000000000000000e+03 1.735354881458016363e-02
2.963000000000000000e+03 1.773197022770334891e-02
2.964000000000000000e+03 1.614142492341022819e-02
2.965000000000000000e+03 1.993527093981142112e-02
2.966000000000000000e+03 1.902265214656100045e-02
2.967000000000000000e+03 1.742915678661698456e-02
2.968000000000000000e+03 1.922528467571722743e-02
2.969000000000000000e+03 1.895567564649957779e-02
2.970000000000000000e+03 1.825428828278842508e-02
2.971000000000000000e+03 1.761213933941088369e-02
2.972000000000000000e+03 1.766422596867915987e-02
2.973000000000000000e+03 1.822566250618860503e-02
2.974000000000000000e+03 1.812597947431311349e-02
2.975000000000000000e+03 1.592895577336127591e-02
2.976000000000000000e+03 1.594579993969602594e-02
2.977000000000000000e+03 1.872820029854191035e-02
2.978000000000000000e+03 2.092284162016684254e-02
2.979000000000000000e+03 1.978478553002356588e-02
2.980000000000000000e+03 2.155016118285133647e-02
2.981000000000000000e+03 2.373087582220005654e-02
2.982000000000000000e+03 2.299719605120626592e-02
2.983000000000000000e+03 2.021729905188747803e-02
2.984000000000000000e+03 2.055857023738176526e-02
2.985000000000000000e+03 2.075165463689188777e-02
2.986000000000000000e+03 1.922928167540826142e-02
2.987000000000000000e+03 1.824425157925692320e-02
2.988000000000000000e+03 1.873496123049892340e-02
2.989000000000000000e+03 1.810049918291834273e-02
2.990000000000000000e+03 1.949869527507175349e-02
2.991000000000000000e+03 1.993461020179497500e-02
2.992000000000000000e+03 1.900068958714110773e-02
2.993000000000000000e+03 1.820983736538626246e-02
2.994000000000000000e+03 1.871607436001474292e-02
2.995000000000000000e+03 1.887885787246081429e-02
2.996000000000000000e+03 1.792610622433823964e-02
2.997000000000000000e+03 1.773452942424592199e-02
2.998000000000000000e+03 1.888464165664702557e-02
2.999000000000000000e+03 1.929730046642520389e-02
3.000000000000000000e+03 1.813994803435093478e-02
3.001000000000000000e+03 1.806792759055833586e-02
3.002000000000000000e+03 1.858232144253068110e-02
3.003000000000000000e+03 1.809746071865961717e-02
3.004000000000000000e+03 1.677535186625917982e-02
3.005000000000000000e+03 1.800394767699403306e-02
3.006000000000000000e+03 1.820658951231950498e-02
3.007000000000000000e+03 1.911209839226620313e-02
3.008000000000000000e+03 1.901276434173742452e-02
3.009000000000000000e+03 1.637667557577269367e-02
3.010000000000000000e+03 1.662743030609852013e-02
3.011000000000000000e+03 1.803110773193765740e-02
3.012000000000000000e+03 1.859319570129430374e-02
3.013000000000000000e+03 1.804213088940920945e-02
3.014000000000000000e+03 1.798883445813899071e-02
3.015000000000000000e+03 1.929479710689810737e-02
3.016000000000000000e+03 1.821137288331180562e-02
3.017000000000000000e+03 1.726360934190493759e-02
3.018000000000000000e+03 1.647254307825743794e-02
3.019000000000000000e+03 1.640560845595762443e-02
3.020000000000000000e+03 1.855036405734089219e-02
3.021000000000000000e+03 1.815370255249610168e-02
3.022000000000000000e+03 1.790089115876697043e-02
3.023000000000000000e+03 1.780902065597325667e-02
3.024000000000000000e+03 1.879170094439005373e-02
3.025000000000000000e+03 2.040096095503631315e-02
3.026000000000000000e+03 1.598843615409527297e-02
3.027000000000000000e+03 1.869219472973023335e-02
3.028000000000000000e+03 2.054821712409590773e-02
3.029000000000000000e+03 2.012865778982202841e-02
3.030000000000000000e+03 2.089853390609703113e-02
3.031000000000000000e+03 1.889944777191696068e-02
3.032000000000000000e+03 1.979003420947814812e-02
3.033000000000000000e+03 1.989477514433868333e-02
3.034000000000000000e+03 1.889089540238014439e-02
3.035000000000000000e+03 1.983712807894609520e-02
3.036000000000000000e+03 2.353331050219811815e-02
3.037000000000000000e+03 2.059036011152513487e-02
3.038000000000000000e+03 2.020325604249569376e-02
3.039000000000000000e+03 2.015156027233573968e-02
3.040000000000000000e+03 2.027108405704309765e-02
3.041000000000000000e+03 2.263689840268911027e-02
3.042000000000000000e+03 2.183057002147864231e-02
3.043000000000000000e+03 2.058524637152461118e-02
3.044000000000000000e+03 2.039966274442653674e-02
3.045000000000000000e+03 2.202871697705843443e-02
3.046000000000000000e+03 2.346519864948871936e-02
3.047000000000000000e+03 2.206016252293970664e-02
3.048000000000000000e+03 2.454311362088155285e-02
3.049000000000000000e+03 2.688676997755352210e-02
3.050000000000000000e+03 2.687377856528649911e-02
3.051000000000000000e+03 2.569043865559356848e-02
3.052000000000000000e+03 2.643601636396800125e-02
3.053000000000000000e+03 2.907187712878621724e-02
3.054000000000000000e+03 2.860128741545345590e-02
3.055000000000000000e+03 2.889288692259873309e-02
3.056000000000000000e+03 2.978943396156179951e-02
3.057000000000000000e+03 2.934935452410111778e-02
3.058000000000000000e+03 2.806360487494369629e-02
3.059000000000000000e+03 2.338086614378403691e-02
3.060000000000000000e+03 2.334297607570010383e-02
3.061000000000000000e+03 2.429238680906346468e-02
3.062000000000000000e+03 2.449300455257799949e-02
3.063000000000000000e+03 2.582106004712644148e-02
3.064000000000000000e+03 2.489943753513079033e-02
3.065000000000000000e+03 2.306041285889241788e-02
3.066000000000000000e+03 2.324936997234206340e-02
3.067000000000000000e+03 2.229674395750430929e-02
3.068000000000000000e+03 1.994836006685552290e-02
3.069000000000000000e+03 2.091406124948351139e-02
3.070000000000000000e+03 2.034128979783278099e-02
3.071000000000000000e+03 1.823739293252282789e-02
3.072000000000000000e+03 1.673831331266123143e-02
3.073000000000000000e+03 1.730043850669485753e-02
3.074000000000000000e+03 1.836723260583906364e-02
3.075000000000000000e+03 1.735768075372525962e-02
3.076000000000000000e+03 1.847346718086353631e-02
3.077000000000000000e+03 1.709982541626495212e-02
3.078000000000000000e+03 1.643972021932779692e-02
3.079000000000000000e+03 1.630969442262664854e-02
3.080000000000000000e+03 1.413910489541727114e-02
3.081000000000000000e+03 1.413168787852843444e-02
3.082000000000000000e+03 1.382498445869735984e-02
3.083000000000000000e+03 1.513813612319879313e-02
3.084000000000000000e+03 1.539807138948551951e-02
3.085000000000000000e+03 1.406638648893124115e-02
3.086000000000000000e+03 1.385967785764539127e-02
3.087000000000000000e+03 1.300589266636638722e-02
3.088000000000000000e+03 1.349160955780806179e-02
3.089000000000000000e+03 1.407378954656621044e-02
3.090000000000000000e+03 1.555163248820908353e-02
3.091000000000000000e+03 1.622644608563909158e-02
3.092000000000000000e+03 1.315185993098544857e-02
3.093000000000000000e+03 1.342923495843864959e-02
3.094000000000000000e+03 1.378926272804767775e-02
3.095000000000000000e+03 1.304592780646146068e-02
3.096000000000000000e+03 1.224898004385067095e-02
3.097000000000000000e+03 1.270947721663645211e-02
3.098000000000000000e+03 1.363426847926027183e-02
3.099000000000000000e+03 1.367456419209422437e-02
3.100000000000000000e+03 1.263270132035929430e-02
3.101000000000000000e+03 1.261909104783743261e-02
3.102000000000000000e+03 1.345742334508392458e-02
3.103000000000000000e+03 1.387072428054005567e-02
3.104000000000000000e+03 1.393081886844426895e-02
3.105000000000000000e+03 1.273129087734841194e-02
3.106000000000000000e+03 1.276047967718760279e-02
3.107000000000000000e+03 1.322817517188494552e-02
3.108000000000000000e+03 1.254563745398099353e-02
3.109000000000000000e+03 1.119598699369786163e-02
3.110000000000000000e+03 1.183380391529152524e-02
3.111000000000000000e+03 1.493682507007545492e-02
3.112000000000000000e+03 1.316984410305279546e-02
3.113000000000000000e+03 1.187672862093739311e-02
3.114000000000000000e+03 1.259203336075551127e-02
3.115000000000000000e+03 1.297796950554461551e-02
3.116000000000000000e+03 1.320879042134611749e-02
3.117000000000000000e+03 1.263698681129694738e-02
3.118000000000000000e+03 1.232773815417716710e-02
3.119000000000000000e+03 1.313862190523341737e-02
3.120000000000000000e+03 1.318886591299103968e-02
3.121000000000000000e+03 1.172919791988505031e-02
3.122000000000000000e+03 1.181024534784599553e-02
3.123000000000000000e+03 1.456940354900070414e-02
3.124000000000000000e+03 1.402068854485015101e-02
3.125000000000000000e+03 1.304164231552380759e-02
3.126000000000000000e+03 1.367851931402365266e-02
3.127000000000000000e+03 1.399369134786832870e-02
3.128000000000000000e+03 1.195244361392054123e-02
3.129000000000000000e+03 1.156196605853952730e-02
3.130000000000000000e+03 1.197548103588831105e-02
3.131000000000000000e+03 1.385564363327737233e-02
3.132000000000000000e+03 1.359127397734506172e-02
3.133000000000000000e+03 1.183498114570110879e-02
3.134000000000000000e+03 1.233783069472414728e-02
3.135000000000000000e+03 1.158310967506579435e-02
3.136000000000000000e+03 1.313947341971940207e-02
3.137000000000000000e+03 1.386728565100376481e-02
3.138000000000000000e+03 1.407377558731234303e-02
3.139000000000000000e+03 1.415964826402718937e-02
3.140000000000000000e+03 1.373273705604919487e-02
3.141000000000000000e+03 1.316635894267027471e-02
3.142000000000000000e+03 1.177054057675914513e-02
3.143000000000000000e+03 1.315483325205945610e-02
3.144000000000000000e+03 1.313389437125659330e-02
3.145000000000000000e+03 1.229240262955118290e-02
3.146000000000000000e+03 1.265118802556590774e-02
3.147000000000000000e+03 1.262365572385245639e-02
3.148000000000000000e+03 1.407091394026928344e-02
3.149000000000000000e+03 1.269719307323210686e-02
3.150000000000000000e+03 1.181340479230491569e-02
3.151000000000000000e+03 1.370057028205137924e-02
3.152000000000000000e+03 1.511039908576193407e-02
3.153000000000000000e+03 1.331290318978257080e-02
3.154000000000000000e+03 1.377582927274148550e-02
3.155000000000000000e+03 1.387688961766534237e-02
3.156000000000000000e+03 1.432774094602794028e-02
3.157000000000000000e+03 1.482623520784398519e-02
3.158000000000000000e+03 1.493172994241342630e-02
3.159000000000000000e+03 1.493105059205848684e-02
3.160000000000000000e+03 1.535792457535949986e-02
3.161000000000000000e+03 1.516525430038080831e-02
3.162000000000000000e+03 1.256233272160780720e-02
3.163000000000000000e+03 1.330648658608764995e-02
3.164000000000000000e+03 1.540436235989562329e-02
3.165000000000000000e+03 1.467951879660064386e-02
3.166000000000000000e+03 1.310671570397447909e-02
3.167000000000000000e+03 1.608808661437840376e-02
3.168000000000000000e+03 1.439513157062079739e-02
3.169000000000000000e+03 1.450688935709260399e-02
3.170000000000000000e+03 1.588709197100942119e-02
3.171000000000000000e+03 1.553448587137385220e-02
3.172000000000000000e+03 1.368034797628043565e-02
3.173000000000000000e+03 1.322137236216632851e-02
3.174000000000000000e+03 1.279330718920186627e-02
3.175000000000000000e+03 1.365492817498576220e-02
3.176000000000000000e+03 1.460761002683899287e-02
3.177000000000000000e+03 1.399493372146263202e-02
3.178000000000000000e+03 1.401686836237478646e-02
3.179000000000000000e+03 1.556224617423382535e-02
3.180000000000000000e+03 1.492661154932828187e-02
3.181000000000000000e+03 1.394332170682588933e-02
3.182000000000000000e+03 1.395653646715480645e-02
3.183000000000000000e+03 1.632181105498457102e-02
3.184000000000000000e+03 1.632846031291063441e-02
3.185000000000000000e+03 1.434381735339991699e-02
3.186000000000000000e+03 1.369158982872926110e-02
3.187000000000000000e+03 1.251560179274044567e-02
3.188000000000000000e+03 1.392108926849787258e-02
3.189000000000000000e+03 1.341150205294093685e-02
3.190000000000000000e+03 1.347762703851637309e-02
3.191000000000000000e+03 1.397603289172458241e-02
3.192000000000000000e+03 1.452013203592925940e-02
3.193000000000000000e+03 1.459437665417158414e-02
3.194000000000000000e+03 1.301941453028041505e-02
3.195000000000000000e+03 1.408043880449227382e-02
3.196000000000000000e+03 1.621700497693931084e-02
3.197000000000000000e+03 1.614045708180867483e-02
3.198000000000000000e+03 1.629944367720249226e-02
3.199000000000000000e+03 1.684477588883222590e-02
3.200000000000000000e+03 1.512963028450820674e-02
3.201000000000000000e+03 1.327052754812220285e-02
3.202000000000000000e+03 1.447670479714412498e-02
3.203000000000000000e+03 1.608707689501524471e-02
3.204000000000000000e+03 1.640743711821440742e-02
3.205000000000000000e+03 1.435505455276411824e-02
3.206000000000000000e+03 1.332393565342336779e-02
3.207000000000000000e+03 1.487810314213498450e-02
3.208000000000000000e+03 1.457663444250462473e-02
3.209000000000000000e+03 1.445106164778755219e-02
3.210000000000000000e+03 1.561668261123664268e-02
3.211000000000000000e+03 1.583773204933014433e-02
3.212000000000000000e+03 1.554700732209396245e-02
3.213000000000000000e+03 1.457302830192191111e-02
3.214000000000000000e+03 1.399910753836933544e-02
3.215000000000000000e+03 1.619148280778293439e-02
3.216000000000000000e+03 1.777478325931826711e-02
3.217000000000000000e+03 1.669080531866184644e-02
3.218000000000000000e+03 1.635570877646209259e-02
3.219000000000000000e+03 1.752791385465252844e-02
3.220000000000000000e+03 1.607228008591455454e-02
3.221000000000000000e+03 1.403274468710797966e-02
3.222000000000000000e+03 1.639966646689423532e-02
3.223000000000000000e+03 1.635432681032910479e-02
3.224000000000000000e+03 1.787769553192202279e-02
3.225000000000000000e+03 1.634615134064674319e-02
3.226000000000000000e+03 1.491916196084708615e-02
3.227000000000000000e+03 1.544768723081905472e-02
3.228000000000000000e+03 1.625514631159288154e-02
3.229000000000000000e+03 1.570146646614974106e-02
3.230000000000000000e+03 1.582791404077591238e-02
3.231000000000000000e+03 1.861364135512714318e-02
3.232000000000000000e+03 1.406416696756613953e-02
3.233000000000000000e+03 1.402559754912726699e-02
3.234000000000000000e+03 1.373362114212753858e-02
3.235000000000000000e+03 1.398975483827739202e-02
3.236000000000000000e+03 1.654042692982031840e-02
3.237000000000000000e+03 1.668779011982623670e-02
3.238000000000000000e+03 1.549690290687502636e-02
3.239000000000000000e+03 1.762420478783795208e-02
3.240000000000000000e+03 1.524029459609364291e-02
3.241000000000000000e+03 1.504771738280741115e-02
3.242000000000000000e+03 1.629139849388957020e-02
3.243000000000000000e+03 1.669342035221989262e-02
3.244000000000000000e+03 1.592639657681870630e-02
3.245000000000000000e+03 1.422093869467947781e-02
3.246000000000000000e+03 1.411336403128361956e-02
3.247000000000000000e+03 1.556791828438908870e-02
3.248000000000000000e+03 1.526972070324859876e-02
3.249000000000000000e+03 1.567402257304412530e-02
3.250000000000000000e+03 1.677857645390282149e-02
3.251000000000000000e+03 1.647875494622895454e-02
3.252000000000000000e+03 1.466648550657201865e-02
3.253000000000000000e+03 1.377898406411578493e-02
3.254000000000000000e+03 1.476211104865637544e-02
3.255000000000000000e+03 1.539085445523546633e-02
3.256000000000000000e+03 1.508597969766117472e-02
3.257000000000000000e+03 1.450115675683724334e-02
3.258000000000000000e+03 1.397836408712063543e-02
3.259000000000000000e+03 1.299259415051425871e-02
3.260000000000000000e+03 1.247924258949742980e-02
3.261000000000000000e+03 1.438139101172949616e-02
3.262000000000000000e+03 1.549669817115162038e-02
3.263000000000000000e+03 1.405254356217824040e-02
3.264000000000000000e+03 1.381250953882347601e-02
3.265000000000000000e+03 1.305440107355968458e-02
3.266000000000000000e+03 1.161487628378604815e-02
3.267000000000000000e+03 1.211145812782209522e-02
3.268000000000000000e+03 1.386232546279579647e-02
3.269000000000000000e+03 1.326527421558299467e-02
3.270000000000000000e+03 1.365169893425749979e-02
3.271000000000000000e+03 1.369134321524425116e-02
3.272000000000000000e+03 1.225487084898320943e-02
3.273000000000000000e+03 1.474954772017465950e-02
3.274000000000000000e+03 1.585835917346327395e-02
3.275000000000000000e+03 1.392782228194714908e-02
3.276000000000000000e+03 1.361083089201493498e-02
3.277000000000000000e+03 1.479024825137079807e-02
3.278000000000000000e+03 1.348163334437665548e-02
3.279000000000000000e+03 1.285575158484062244e-02
3.280000000000000000e+03 1.260588559367776217e-02
3.281000000000000000e+03 1.310106220615770735e-02
3.282000000000000000e+03 1.471504044461154244e-02
3.283000000000000000e+03 1.467441436276936684e-02
3.284000000000000000e+03 1.224877996121188743e-02
3.285000000000000000e+03 1.197501107434140351e-02
3.286000000000000000e+03 1.492152572783549645e-02
3.287000000000000000e+03 1.247967997945197832e-02
3.288000000000000000e+03 1.592091989621759879e-02
3.289000000000000000e+03 1.580354583660600193e-02
3.290000000000000000e+03 1.240313208432134058e-02
3.291000000000000000e+03 9.699085017439761092e-03
3.292000000000000000e+03 1.155243188814729025e-02
3.293000000000000000e+03 1.475633657063940909e-02
3.294000000000000000e+03 1.417817219391078777e-02
3.295000000000000000e+03 1.404185077371491140e-02
3.296000000000000000e+03 1.298225964956689280e-02
3.297000000000000000e+03 1.464345273768886957e-02
3.298000000000000000e+03 1.307828535692881662e-02
3.299000000000000000e+03 1.229825621000673642e-02
3.300000000000000000e+03 1.228637688496458068e-02
3.301000000000000000e+03 1.279816035646350741e-02
3.302000000000000000e+03 1.293463532845193914e-02
3.303000000000000000e+03 1.151312262925338614e-02
3.304000000000000000e+03 1.320686404431225744e-02
3.305000000000000000e+03 1.147090053938557008e-02
3.306000000000000000e+03 1.233348936677101937e-02
3.307000000000000000e+03 1.262882064778383072e-02
3.308000000000000000e+03 1.371588823662982584e-02
3.309000000000000000e+03 1.481757581736084517e-02
3.310000000000000000e+03 1.318545520196248537e-02
3.311000000000000000e+03 1.113188609993336943e-02
3.312000000000000000e+03 1.278463849254948131e-02
3.313000000000000000e+03 1.395569891192269263e-02
3.314000000000000000e+03 1.484333994691761083e-02
3.315000000000000000e+03 1.345212813478311072e-02
3.316000000000000000e+03 1.274589225689494107e-02
3.317000000000000000e+03 1.283698104147201410e-02
3.318000000000000000e+03 1.226391179240542140e-02
3.319000000000000000e+03 1.199681077579949420e-02
3.320000000000000000e+03 1.357121452953592017e-02
3.321000000000000000e+03 1.449939323776518012e-02
3.322000000000000000e+03 1.176104363104389303e-02
3.323000000000000000e+03 1.057594485536351818e-02
3.324000000000000000e+03 1.272546056231597077e-02
3.325000000000000000e+03 1.186285312259202987e-02
3.326000000000000000e+03 1.275913028264697401e-02
3.327000000000000000e+03 1.351222737577194646e-02
3.328000000000000000e+03 1.275610112455749165e-02
3.329000000000000000e+03 1.188722132676193685e-02
3.330000000000000000e+03 1.183333395374461770e-02
3.331000000000000000e+03 1.206158636683430166e-02
3.332000000000000000e+03 1.204543085702373950e-02
3.333000000000000000e+03 1.228414340434560992e-02
3.334000000000000000e+03 1.053221051299327304e-02
3.335000000000000000e+03 1.242139078838143396e-02
3.336000000000000000e+03 1.076951782875904158e-02
3.337000000000000000e+03 1.167004325507465558e-02
3.338000000000000000e+03 1.292327714888754156e-02
3.339000000000000000e+03 1.297496361287824897e-02
3.340000000000000000e+03 1.430392180584353148e-02
3.341000000000000000e+03 1.225747657637200894e-02
3.342000000000000000e+03 1.260595073686248194e-02
3.343000000000000000e+03 1.177484468003528982e-02
3.344000000000000000e+03 1.267682186875323386e-02
3.345000000000000000e+03 1.088342068724198683e-02
3.346000000000000000e+03 1.383608671860750081e-02
3.347000000000000000e+03 1.265269562498371435e-02
3.348000000000000000e+03 1.110185509177744057e-02
3.349000000000000000e+03 1.256162079966051219e-02
3.350000000000000000e+03 1.257722259240095543e-02
